Date,Holiday,Rokuyo
2025-01-01,元日,先勝
2025-01-02,,友引
2025-01-03,,先負
2025-01-04,,仏滅
2025-01-05,,大安
2025-01-06,,赤口
2025-01-07,,先勝
2025-01-08,,友引
2025-01-09,,先負
2025-01-10,,仏滅
2025-01-11,,大安
2025-01-12,,赤口
2025-01-13,成人の日,先勝
2025-01-14,,友引
2025-01-15,,先負
2025-01-16,,仏滅
2025-01-17,,大安
2025-01-18,,赤口
2025-01-19,,先勝
2025-01-20,,友引
2025-01-21,,先負
2025-01-22,,仏滅
2025-01-23,,大安
2025-01-24,,赤口
2025-01-25,,先勝
2025-01-26,,友引
2025-01-27,,先負
2025-01-28,,仏滅
2025-01-29,,先勝
2025-01-30,,友引
2025-01-31,,先負
2025-02-01,,仏滅
2025-02-02,,大安
2025-02-03,,赤口
2025-02-04,,先勝
2025-02-05,,友引
2025-02-06,,先負
2025-02-07,,仏滅
2025-02-08,,大安
2025-02-09,,赤口
2025-02-10,,先勝
2025-02-11,建国記念の日,友引
2025-02-12,,先負
2025-02-13,,仏滅
2025-02-14,,大安
2025-02-15,,赤口
2025-02-16,,先勝
2025-02-17,,友引
2025-02-18,,先負
2025-02-19,,仏滅
2025-02-20,,大安
2025-02-21,,赤口
2025-02-22,,先勝
2025-02-23,天皇誕生日,友引
2025-02-24,振替休日,先負
2025-02-25,,仏滅
2025-02-26,,大安
2025-02-27,,赤口
2025-02-28,,友引
2025-03-01,,先負
2025-03-02,,仏滅
2025-03-03,,大安
2025-03-04,,赤口
2025-03-05,,先勝
2025-03-06,,友引
2025-03-07,,先負
2025-03-08,,仏滅
2025-03-09,,大安
2025-03-10,,赤口
2025-03-11,,先勝
2025-03-12,,友引
2025-03-13,,先負
2025-03-14,,仏滅
2025-03-15,,大安
2025-03-16,,赤口
2025-03-17,,先勝
2025-03-18,,友引
2025-03-19,,先負
2025-03-20,春分の日,仏滅
2025-03-21,,大安
2025-03-22,,赤口
2025-03-23,,先勝
2025-03-24,,友引
2025-03-25,,先負
2025-03-26,,仏滅
2025-03-27,,大安
2025-03-28,,赤口
2025-03-29,,先負
2025-03-30,,仏滅
2025-03-31,,大安
2025-04-01,,赤口
2025-04-02,,先勝
2025-04-03,,友引
2025-04-04,,先負
2025-04-05,,仏滅
2025-04-06,,大安
2025-04-07,,赤口
2025-04-08,,先勝
2025-04-09,,友引
2025-04-10,,先負
2025-04-11,,仏滅
2025-04-12,,大安
2025-04-13,,赤口
2025-04-14,,先勝
2025-04-15,,友引
2025-04-16,,先負
2025-04-17,,仏滅
2025-04-18,,大安
2025-04-19,,赤口
2025-04-20,,先勝
2025-04-21,,友引
2025-04-22,,先負
2025-04-23,,仏滅
2025-04-24,,大安
2025-04-25,,赤口
2025-04-26,,先勝
2025-04-27,,友引
2025-04-28,,仏滅
2025-04-29,昭和の日,大安
2025-04-30,,赤口
2025-05-01,,先勝
2025-05-02,,友引
2025-05-03,憲法記念日,先負
2025-05-04,みどりの日,仏滅
2025-05-05,こどもの日,大安
2025-05-06,振替休日,赤口
2025-05-07,,先勝
2025-05-08,,友引
2025-05-09,,先負
2025-05-10,,仏滅
2025-05-11,,大安
2025-05-12,,赤口
2025-05-13,,先勝
2025-05-14,,友引
2025-05-15,,先負
2025-05-16,,仏滅
2025-05-17,,大安
2025-05-18,,赤口
2025-05-19,,先勝
2025-05-20,,友引
2025-05-21,,先負
2025-05-22,,仏滅
2025-05-23,,大安
2025-05-24,,赤口
2025-05-25,,先勝
2025-05-26,,友引
2025-05-27,,大安
2025-05-28,,赤口
2025-05-29,,先勝
2025-05-30,,友引
2025-05-31,,先負
2025-06-01,,仏滅
2025-06-02,,大安
2025-06-03,,赤口
2025-06-04,,先勝
2025-06-05,,友引
2025-06-06,,先負
2025-06-07,,仏滅
2025-06-08,,大安
2025-06-09,,赤口
2025-06-10,,先勝
2025-06-11,,友引
2025-06-12,,先負
2025-06-13,,仏滅
2025-06-14,,大安
2025-06-15,,赤口
2025-06-16,,先勝
2025-06-17,,友引
2025-06-18,,先負
2025-06-19,,仏滅
2025-06-20,,大安
2025-06-21,,赤口
2025-06-22,,先勝
2025-06-23,,友引
2025-06-24,,先負
2025-06-25,,赤口
2025-06-26,,先勝
2025-06-27,,友引
2025-06-28,,先負
2025-06-29,,仏滅
2025-06-30,,大安
2025-07-01,,赤口
2025-07-02,,先勝
2025-07-03,,友引
2025-07-04,,先負
2025-07-05,,仏滅
2025-07-06,,大安
2025-07-07,,赤口
2025-07-08,,先勝
2025-07-09,,友引
2025-07-10,,先負
2025-07-11,,仏滅
2025-07-12,,大安
2025-07-13,,赤口
2025-07-14,,先勝
2025-07-15,,友引
2025-07-16,,先負
2025-07-17,,仏滅
2025-07-18,,大安
2025-07-19,,赤口
2025-07-20,,先勝
2025-07-21,海の日,友引
2025-07-22,,先負
2025-07-23,,仏滅
2025-07-24,,大安
2025-07-25,,仏滅
2025-07-26,,大安
2025-07-27,,赤口
2025-07-28,,先勝
2025-07-29,,友引
2025-07-30,,先負
2025-07-31,,仏滅
2025-08-01,,大安
2025-08-02,,赤口
2025-08-03,,先勝
2025-08-04,,友引
2025-08-05,,先負
2025-08-06,,仏滅
2025-08-07,,大安
2025-08-08,,赤口
2025-08-09,,先勝
2025-08-10,,友引
2025-08-11,山の日,先負
2025-08-12,,仏滅
2025-08-13,,大安
2025-08-14,,赤口
2025-08-15,,先勝
2025-08-16,,友引
2025-08-17,,先負
2025-08-18,,仏滅
2025-08-19,,大安
2025-08-20,,赤口
2025-08-21,,先勝
2025-08-22,,友引
2025-08-23,,先勝
2025-08-24,,友引
2025-08-25,,先負
2025-08-26,,仏滅
2025-08-27,,大安
2025-08-28,,赤口
2025-08-29,,先勝
2025-08-30,,友引
2025-08-31,,先負
2025-09-01,,仏滅
2025-09-02,,大安
2025-09-03,,赤口
2025-09-04,,先勝
2025-09-05,,友引
2025-09-06,,先負
2025-09-07,,仏滅
2025-09-08,,大安
2025-09-09,,赤口
2025-09-10,,先勝
2025-09-11,,友引
2025-09-12,,先負
2025-09-13,,仏滅
2025-09-14,,大安
2025-09-15,敬老の日,赤口
2025-09-16,,先勝
2025-09-17,,友引
2025-09-18,,先負
2025-09-19,,仏滅
2025-09-20,,大安
2025-09-21,,赤口
2025-09-22,,友引
2025-09-23,秋分の日,先負
2025-09-24,,仏滅
2025-09-25,,大安
2025-09-26,,赤口
2025-09-27,,先勝
2025-09-28,,友引
2025-09-29,,先負
2025-09-30,,仏滅
2025-10-01,,大安
2025-10-02,,赤口
2025-10-03,,先勝
2025-10-04,,友引
2025-10-05,,先負
2025-10-06,,仏滅
2025-10-07,,大安
2025-10-08,,赤口
2025-10-09,,先勝
2025-10-10,,友引
2025-10-11,,先負
2025-10-12,,仏滅
2025-10-13,スポーツの日,大安
2025-10-14,,赤口
2025-10-15,,先勝
2025-10-16,,友引
2025-10-17,,先負
2025-10-18,,仏滅
2025-10-19,,大安
2025-10-20,,赤口
2025-10-21,,先負
2025-10-22,,仏滅
2025-10-23,,大安
2025-10-24,,赤口
2025-10-25,,先勝
2025-10-26,,友引
2025-10-27,,先負
2025-10-28,,仏滅
2025-10-29,,大安
2025-10-30,,赤口
2025-10-31,,先勝
2025-11-01,,友引
2025-11-02,,先負
2025-11-03,文化の日,仏滅
2025-11-04,,大安
2025-11-05,,赤口
2025-11-06,,先勝
2025-11-07,,友引
2025-11-08,,先負
2025-11-09,,仏滅
2025-11-10,,大安
2025-11-11,,赤口
2025-11-12,,先勝
2025-11-13,,友引
2025-11-14,,先負
2025-11-15,,仏滅
2025-11-16,,大安
2025-11-17,,赤口
2025-11-18,,先勝
2025-11-19,,友引
2025-11-20,,仏滅
2025-11-21,,大安
2025-11-22,,赤口
2025-11-23,勤労感謝の日,先勝
2025-11-24,振替休日,友引
2025-11-25,,先負
2025-11-26,,仏滅
2025-11-27,,大安
2025-11-28,,赤口
2025-11-29,,先勝
2025-11-30,,友引
2025-12-01,,先負
2025-12-02,,仏滅
2025-12-03,,大安
2025-12-04,,赤口
2025-12-05,,先勝
2025-12-06,,友引
2025-12-07,,先負
2025-12-08,,仏滅
2025-12-09,,大安
2025-12-10,,赤口
2025-12-11,,先勝
2025-12-12,,友引
2025-12-13,,先負
2025-12-14,,仏滅
2025-12-15,,大安
2025-12-16,,赤口
2025-12-17,,先勝
2025-12-18,,友引
2025-12-19,,先負
2025-12-20,,大安
2025-12-21,,赤口
2025-12-22,,先勝
2025-12-23,,友引
2025-12-24,,先負
2025-12-25,,仏滅
2025-12-26,,大安
2025-12-27,,赤口
2025-12-28,,先勝
2025-12-29,,友引
2025-12-30,,先負
2025-12-31,,仏滅
2026-01-01,元日,大安
2026-01-02,,赤口
2026-01-03,,先勝
2026-01-04,,友引
2026-01-05,,先負
2026-01-06,,仏滅
2026-01-07,,大安
2026-01-08,,赤口
2026-01-09,,先勝
2026-01-10,,友引
2026-01-11,,先負
2026-01-12,成人の日,仏滅
2026-01-13,,大安
2026-01-14,,赤口
2026-01-15,,先勝
2026-01-16,,友引
2026-01-17,,先負
2026-01-18,,仏滅
2026-01-19,,赤口
2026-01-20,,先勝
2026-01-21,,友引
2026-01-22,,先負
2026-01-23,,仏滅
2026-01-24,,大安
2026-01-25,,赤口
2026-01-26,,先勝
2026-01-27,,友引
2026-01-28,,先負
2026-01-29,,仏滅
2026-01-30,,大安
2026-01-31,,赤口
2026-02-01,,先勝
2026-02-02,,友引
2026-02-03,,先負
2026-02-04,,仏滅
2026-02-05,,大安
2026-02-06,,赤口
2026-02-07,,先勝
2026-02-08,,友引
2026-02-09,,先負
2026-02-10,,仏滅
2026-02-11,建国記念の日,大安
2026-02-12,,赤口
2026-02-13,,先勝
2026-02-14,,友引
2026-02-15,,先負
2026-02-16,,仏滅
2026-02-17,,先勝
2026-02-18,,友引
2026-02-19,,先負
2026-02-20,,仏滅
2026-02-21,,大安
2026-02-22,,赤口
2026-02-23,天皇誕生日,先勝
2026-02-24,,友引
2026-02-25,,先負
2026-02-26,,仏滅
2026-02-27,,大安
2026-02-28,,赤口
2026-03-01,,先勝
2026-03-02,,友引
2026-03-03,,先負
2026-03-04,,仏滅
2026-03-05,,大安
2026-03-06,,赤口
2026-03-07,,先勝
2026-03-08,,友引
2026-03-09,,先負
2026-03-10,,仏滅
2026-03-11,,大安
2026-03-12,,赤口
2026-03-13,,先勝
2026-03-14,,友引
2026-03-15,,先負
2026-03-16,,仏滅
2026-03-17,,大安
2026-03-18,,赤口
2026-03-19,,友引
2026-03-20,春分の日,先負
2026-03-21,,仏滅
2026-03-22,,大安
2026-03-23,,赤口
2026-03-24,,先勝
2026-03-25,,友引
2026-03-26,,先負
2026-03-27,,仏滅
2026-03-28,,大安
2026-03-29,,赤口
2026-03-30,,先勝
2026-03-31,,友引
2026-04-01,,先負
2026-04-02,,仏滅
2026-04-03,,大安
2026-04-04,,赤口
2026-04-05,,先勝
2026-04-06,,友引
2026-04-07,,先負
2026-04-08,,仏滅
2026-04-09,,大安
2026-04-10,,赤口
2026-04-11,,先勝
2026-04-12,,友引
2026-04-13,,先負
2026-04-14,,仏滅
2026-04-15,,大安
2026-04-16,,赤口
2026-04-17,,先負
2026-04-18,,仏滅
2026-04-19,,大安
2026-04-20,,赤口
2026-04-21,,先勝
2026-04-22,,友引
2026-04-23,,先負
2026-04-24,,仏滅
2026-04-25,,大安
2026-04-26,,赤口
2026-04-27,,先勝
2026-04-28,,友引
2026-04-29,昭和の日,先負
2026-04-30,,仏滅
2026-05-01,,大安
2026-05-02,,赤口
2026-05-03,憲法記念日,先勝
2026-05-04,みどりの日,友引
2026-05-05,こどもの日,先負
2026-05-06,振替休日,仏滅
2026-05-07,,大安
2026-05-08,,赤口
2026-05-09,,先勝
2026-05-10,,友引
2026-05-11,,先負
2026-05-12,,仏滅
2026-05-13,,大安
2026-05-14,,赤口
2026-05-15,,先勝
2026-05-16,,友引
2026-05-17,,仏滅
2026-05-18,,大安
2026-05-19,,赤口
2026-05-20,,先勝
2026-05-21,,友引
2026-05-22,,先負
2026-05-23,,仏滅
2026-05-24,,大安
2026-05-25,,赤口
2026-05-26,,先勝
2026-05-27,,友引
2026-05-28,,先負
2026-05-29,,仏滅
2026-05-30,,大安
2026-05-31,,赤口
2026-06-01,,先勝
2026-06-02,,友引
2026-06-03,,先負
2026-06-04,,仏滅
2026-06-05,,大安
2026-06-06,,赤口
2026-06-07,,先勝
2026-06-08,,友引
2026-06-09,,先負
2026-06-10,,仏滅
2026-06-11,,大安
2026-06-12,,赤口
2026-06-13,,先勝
2026-06-14,,友引
2026-06-15,,大安
2026-06-16,,赤口
2026-06-17,,先勝
2026-06-18,,友引
2026-06-19,,先負
2026-06-20,,仏滅
2026-06-21,,大安
2026-06-22,,赤口
2026-06-23,,先勝
2026-06-24,,友引
2026-06-25,,先負
2026-06-26,,仏滅
2026-06-27,,大安
2026-06-28,,赤口
2026-06-29,,先勝
2026-06-30,,友引
2026-07-01,,先負
2026-07-02,,仏滅
2026-07-03,,大安
2026-07-04,,赤口
2026-07-05,,先勝
2026-07-06,,友引
2026-07-07,,先負
2026-07-08,,仏滅
2026-07-09,,大安
2026-07-10,,赤口
2026-07-11,,先勝
2026-07-12,,友引
2026-07-13,,先負
2026-07-14,,赤口
2026-07-15,,先勝
2026-07-16,,友引
2026-07-17,,先負
2026-07-18,,仏滅
2026-07-19,,大安
2026-07-20,海の日,赤口
2026-07-21,,先勝
2026-07-22,,友引
2026-07-23,,先負
2026-07-24,,仏滅
2026-07-25,,大安
2026-07-26,,赤口
2026-07-27,,先勝
2026-07-28,,友引
2026-07-29,,先負
2026-07-30,,仏滅
2026-07-31,,大安
2026-08-01,,赤口
2026-08-02,,先勝
2026-08-03,,友引
2026-08-04,,先負
2026-08-05,,仏滅
2026-08-06,,大安
2026-08-07,,赤口
2026-08-08,,先勝
2026-08-09,,友引
2026-08-10,,先負
2026-08-11,山の日,仏滅
2026-08-12,,大安
2026-08-13,,先勝
2026-08-14,,友引
2026-08-15,,先負
2026-08-16,,仏滅
2026-08-17,,大安
2026-08-18,,赤口
2026-08-19,,先勝
2026-08-20,,友引
2026-08-21,,先負
2026-08-22,,仏滅
2026-08-23,,大安
2026-08-24,,赤口
2026-08-25,,先勝
2026-08-26,,友引
2026-08-27,,先負
2026-08-28,,仏滅
2026-08-29,,大安
2026-08-30,,赤口
2026-08-31,,先勝
2026-09-01,,友引
2026-09-02,,先負
2026-09-03,,仏滅
2026-09-04,,大安
2026-09-05,,赤口
2026-09-06,,先勝
2026-09-07,,友引
2026-09-08,,先負
2026-09-09,,仏滅
2026-09-10,,大安
2026-09-11,,友引
2026-09-12,,先負
2026-09-13,,仏滅
2026-09-14,,大安
2026-09-15,,赤口
2026-09-16,,先勝
2026-09-17,,友引
2026-09-18,,先負
2026-09-19,,仏滅
2026-09-20,,大安
2026-09-21,敬老の日,赤口
2026-09-22,国民の休日,先勝
2026-09-23,秋分の日,友引
2026-09-24,,先負
2026-09-25,,仏滅
2026-09-26,,大安
2026-09-27,,赤口
2026-09-28,,先勝
2026-09-29,,友引
2026-09-30,,先負
2026-10-01,,仏滅
2026-10-02,,大安
2026-10-03,,赤口
2026-10-04,,先勝
2026-10-05,,友引
2026-10-06,,先負
2026-10-07,,仏滅
2026-10-08,,大安
2026-10-09,,赤口
2026-10-10,,先負
2026-10-11,,仏滅
2026-10-12,スポーツの日,大安
2026-10-13,,赤口
2026-10-14,,先勝
2026-10-15,,友引
2026-10-16,,先負
2026-10-17,,仏滅
2026-10-18,,大安
2026-10-19,,赤口
2026-10-20,,先勝
2026-10-21,,友引
2026-10-22,,先負
2026-10-23,,仏滅
2026-10-24,,大安
2026-10-25,,赤口
2026-10-26,,先勝
2026-10-27,,友引
2026-10-28,,先負
2026-10-29,,仏滅
2026-10-30,,大安
2026-10-31,,赤口
2026-11-01,,先勝
2026-11-02,,友引
2026-11-03,文化の日,先負
2026-11-04,,仏滅
2026-11-05,,大安
2026-11-06,,赤口
2026-11-07,,先勝
2026-11-08,,友引
2026-11-09,,仏滅
2026-11-10,,大安
2026-11-11,,赤口
2026-11-12,,先勝
2026-11-13,,友引
2026-11-14,,先負
2026-11-15,,仏滅
2026-11-16,,大安
2026-11-17,,赤口
2026-11-18,,先勝
2026-11-19,,友引
2026-11-20,,先負
2026-11-21,,仏滅
2026-11-22,,大安
2026-11-23,勤労感謝の日,赤口
2026-11-24,,先勝
2026-11-25,,友引
2026-11-26,,先負
2026-11-27,,仏滅
2026-11-28,,大安
2026-11-29,,赤口
2026-11-30,,先勝
2026-12-01,,友引
2026-12-02,,先負
2026-12-03,,仏滅
2026-12-04,,大安
2026-12-05,,赤口
2026-12-06,,先勝
2026-12-07,,友引
2026-12-08,,先負
2026-12-09,,大安
2026-12-10,,赤口
2026-12-11,,先勝
2026-12-12,,友引
2026-12-13,,先負
2026-12-14,,仏滅
2026-12-15,,大安
2026-12-16,,赤口
2026-12-17,,先勝
2026-12-18,,友引
2026-12-19,,先負
2026-12-20,,仏滅
2026-12-21,,大安
2026-12-22,,赤口
2026-12-23,,先勝
2026-12-24,,友引
2026-12-25,,先負
2026-12-26,,仏滅
2026-12-27,,大安
2026-12-28,,赤口
2026-12-29,,先勝
2026-12-30,,友引
2026-12-31,,先負
2027-01-01,元日,仏滅
2027-01-02,,大安
2027-01-03,,赤口
2027-01-04,,先勝
2027-01-05,,友引
2027-01-06,,先負
2027-01-07,,仏滅
2027-01-08,,赤口
2027-01-09,,先勝
2027-01-10,,友引
2027-01-11,成人の日,先負
2027-01-12,,仏滅
2027-01-13,,大安
2027-01-14,,赤口
2027-01-15,,先勝
2027-01-16,,友引
2027-01-17,,先負
2027-01-18,,仏滅
2027-01-19,,大安
2027-01-20,,赤口
2027-01-21,,先勝
2027-01-22,,友引
2027-01-23,,先負
2027-01-24,,仏滅
2027-01-25,,大安
2027-01-26,,赤口
2027-01-27,,先勝
2027-01-28,,友引
2027-01-29,,先負
2027-01-30,,仏滅
2027-01-31,,大安
2027-02-01,,赤口
2027-02-02,,先勝
2027-02-03,,友引
2027-02-04,,先負
2027-02-05,,仏滅
2027-02-06,,先勝
2027-02-07,,友引
2027-02-08,,先負
2027-02-09,,仏滅
2027-02-10,,大安
2027-02-11,建国記念の日,赤口
2027-02-12,,先勝
2027-02-13,,友引
2027-02-14,,先負
2027-02-15,,仏滅
2027-02-16,,大安
2027-02-17,,赤口
2027-02-18,,先勝
2027-02-19,,友引
2027-02-20,,先負
2027-02-21,,仏滅
2027-02-22,,大安
2027-02-23,天皇誕生日,赤口
2027-02-24,,先勝
2027-02-25,,友引
2027-02-26,,先負
2027-02-27,,仏滅
2027-02-28,,大安
2027-03-01,,赤口
2027-03-02,,先勝
2027-03-03,,友引
2027-03-04,,先負
2027-03-05,,仏滅
2027-03-06,,大安
2027-03-07,,赤口
2027-03-08,,友引
2027-03-09,,先負
2027-03-10,,仏滅
2027-03-11,,大安
2027-03-12,,赤口
2027-03-13,,先勝
2027-03-14,,友引
2027-03-15,,先負
2027-03-16,,仏滅
2027-03-17,,大安
2027-03-18,,赤口
2027-03-19,,先勝
2027-03-20,,友引
2027-03-21,春分の日,先負
2027-03-22,振替休日,仏滅
2027-03-23,,大安
2027-03-24,,赤口
2027-03-25,,先勝
2027-03-26,,友引
2027-03-27,,先負
2027-03-28,,仏滅
2027-03-29,,大安
2027-03-30,,赤口
2027-03-31,,先勝
2027-04-01,,友引
2027-04-02,,先負
2027-04-03,,仏滅
2027-04-04,,大安
2027-04-05,,赤口
2027-04-06,,先勝
2027-04-07,,先負
2027-04-08,,仏滅
2027-04-09,,大安
2027-04-10,,赤口
2027-04-11,,先勝
2027-04-12,,友引
2027-04-13,,先負
2027-04-14,,仏滅
2027-04-15,,大安
2027-04-16,,赤口
2027-04-17,,先勝
2027-04-18,,友引
2027-04-19,,先負
2027-04-20,,仏滅
2027-04-21,,大安
2027-04-22,,赤口
2027-04-23,,先勝
2027-04-24,,友引
2027-04-25,,先負
2027-04-26,,仏滅
2027-04-27,,大安
2027-04-28,,赤口
2027-04-29,昭和の日,先勝
2027-04-30,,友引
2027-05-01,,先負
2027-05-02,,仏滅
2027-05-03,憲法記念日,大安
2027-05-04,みどりの日,赤口
2027-05-05,こどもの日,先勝
2027-05-06,,仏滅
2027-05-07,,大安
2027-05-08,,赤口
2027-05-09,,先勝
2027-05-10,,友引
2027-05-11,,先負
2027-05-12,,仏滅
2027-05-13,,大安
2027-05-14,,赤口
2027-05-15,,先勝
2027-05-16,,友引
2027-05-17,,先負
2027-05-18,,仏滅
2027-05-19,,大安
2027-05-20,,赤口
2027-05-21,,先勝
2027-05-22,,友引
2027-05-23,,先負
2027-05-24,,仏滅
2027-05-25,,大安
2027-05-26,,赤口
2027-05-27,,先勝
2027-05-28,,友引
2027-05-29,,先負
2027-05-30,,仏滅
2027-05-31,,大安
2027-06-01,,赤口
2027-06-02,,先勝
2027-06-03,,友引
2027-06-04,,先負
2027-06-05,,大安
2027-06-06,,赤口
2027-06-07,,先勝
2027-06-08,,友引
2027-06-09,,先負
2027-06-10,,仏滅
2027-06-11,,大安
2027-06-12,,赤口
2027-06-13,,先勝
2027-06-14,,友引
2027-06-15,,先負
2027-06-16,,仏滅
2027-06-17,,大安
2027-06-18,,赤口
2027-06-19,,先勝
2027-06-20,,友引
2027-06-21,,先負
2027-06-22,,仏滅
2027-06-23,,大安
2027-06-24,,赤口
2027-06-25,,先勝
2027-06-26,,友引
2027-06-27,,先負
2027-06-28,,仏滅
2027-06-29,,大安
2027-06-30,,赤口
2027-07-01,,先勝
2027-07-02,,友引
2027-07-03,,先負
2027-07-04,,赤口
2027-07-05,,先勝
2027-07-06,,友引
2027-07-07,,先負
2027-07-08,,仏滅
2027-07-09,,大安
2027-07-10,,赤口
2027-07-11,,先勝
2027-07-12,,友引
2027-07-13,,先負
2027-07-14,,仏滅
2027-07-15,,大安
2027-07-16,,赤口
2027-07-17,,先勝
2027-07-18,,友引
2027-07-19,海の日,先負
2027-07-20,,仏滅
2027-07-21,,大安
2027-07-22,,赤口
2027-07-23,,先勝
2027-07-24,,友引
2027-07-25,,先負
2027-07-26,,仏滅
2027-07-27,,大安
2027-07-28,,赤口
2027-07-29,,先勝
2027-07-30,,友引
2027-07-31,,先負
2027-08-01,,仏滅
2027-08-02,,先勝
2027-08-03,,友引
2027-08-04,,先負
2027-08-05,,仏滅
2027-08-06,,大安
2027-08-07,,赤口
2027-08-08,,先勝
2027-08-09,,友引
2027-08-10,,先負
2027-08-11,山の日,仏滅
2027-08-12,,大安
2027-08-13,,赤口
2027-08-14,,先勝
2027-08-15,,友引
2027-08-16,,先負
2027-08-17,,仏滅
2027-08-18,,大安
2027-08-19,,赤口
2027-08-20,,先勝
2027-08-21,,友引
2027-08-22,,先負
2027-08-23,,仏滅
2027-08-24,,大安
2027-08-25,,赤口
2027-08-26,,先勝
2027-08-27,,友引
2027-08-28,,先負
2027-08-29,,仏滅
2027-08-30,,大安
2027-08-31,,赤口
2027-09-01,,友引
2027-09-02,,先負
2027-09-03,,仏滅
2027-09-04,,大安
2027-09-05,,赤口
2027-09-06,,先勝
2027-09-07,,友引
2027-09-08,,先負
2027-09-09,,仏滅
2027-09-10,,大安
2027-09-11,,赤口
2027-09-12,,先勝
2027-09-13,,友引
2027-09-14,,先負
2027-09-15,,仏滅
2027-09-16,,大安
2027-09-17,,赤口
2027-09-18,,先勝
2027-09-19,,友引
2027-09-20,敬老の日,先負
2027-09-21,,仏滅
2027-09-22,,大安
2027-09-23,秋分の日,赤口
2027-09-24,,先勝
2027-09-25,,友引
2027-09-26,,先負
2027-09-27,,仏滅
2027-09-28,,大安
2027-09-29,,赤口
2027-09-30,,先負
2027-10-01,,仏滅
2027-10-02,,大安
2027-10-03,,赤口
2027-10-04,,先勝
2027-10-05,,友引
2027-10-06,,先負
2027-10-07,,仏滅
2027-10-08,,大安
2027-10-09,,赤口
2027-10-10,,先勝
2027-10-11,スポーツの日,友引
2027-10-12,,先負
2027-10-13,,仏滅
2027-10-14,,大安
2027-10-15,,赤口
2027-10-16,,先勝
2027-10-17,,友引
2027-10-18,,先負
2027-10-19,,仏滅
2027-10-20,,大安
2027-10-21,,赤口
2027-10-22,,先勝
2027-10-23,,友引
2027-10-24,,先負
2027-10-25,,仏滅
2027-10-26,,大安
2027-10-27,,赤口
2027-10-28,,先勝
2027-10-29,,仏滅
2027-10-30,,大安
2027-10-31,,赤口
2027-11-01,,先勝
2027-11-02,,友引
2027-11-03,文化の日,先負
2027-11-04,,仏滅
2027-11-05,,大安
2027-11-06,,赤口
2027-11-07,,先勝
2027-11-08,,友引
2027-11-09,,先負
2027-11-10,,仏滅
2027-11-11,,大安
2027-11-12,,赤口
2027-11-13,,先勝
2027-11-14,,友引
2027-11-15,,先負
2027-11-16,,仏滅
2027-11-17,,大安
2027-11-18,,赤口
2027-11-19,,先勝
2027-11-20,,友引
2027-11-21,,先負
2027-11-22,,仏滅
2027-11-23,勤労感謝の日,大安
2027-11-24,,赤口
2027-11-25,,先勝
2027-11-26,,友引
2027-11-27,,先負
2027-11-28,,大安
2027-11-29,,赤口
2027-11-30,,先勝
2027-12-01,,友引
2027-12-02,,先負
2027-12-03,,仏滅
2027-12-04,,大安
2027-12-05,,赤口
2027-12-06,,先勝
2027-12-07,,友引
2027-12-08,,先負
2027-12-09,,仏滅
2027-12-10,,大安
2027-12-11,,赤口
2027-12-12,,先勝
2027-12-13,,友引
2027-12-14,,先負
2027-12-15,,仏滅
2027-12-16,,大安
2027-12-17,,赤口
2027-12-18,,先勝
2027-12-19,,友引
2027-12-20,,先負
2027-12-21,,仏滅
2027-12-22,,大安
2027-12-23,,赤口
2027-12-24,,先勝
2027-12-25,,友引
2027-12-26,,先負
2027-12-27,,仏滅
2027-12-28,,赤口
2027-12-29,,先勝
2027-12-30,,友引
2027-12-31,,先負
2028-01-01,元日,仏滅
2028-01-02,,大安
2028-01-03,,赤口
2028-01-04,,先勝
2028-01-05,,友引
2028-01-06,,先負
2028-01-07,,仏滅
2028-01-08,,大安
2028-01-09,,赤口
2028-01-10,成人の日,先勝
2028-01-11,,友引
2028-01-12,,先負
2028-01-13,,仏滅
2028-01-14,,大安
2028-01-15,,赤口
2028-01-16,,先勝
2028-01-17,,友引
2028-01-18,,先負
2028-01-19,,仏滅
2028-01-20,,大安
2028-01-21,,赤口
2028-01-22,,先勝
2028-01-23,,友引
2028-01-24,,先負
2028-01-25,,仏滅
2028-01-26,,先勝
2028-01-27,,友引
2028-01-28,,先負
2028-01-29,,仏滅
2028-01-30,,大安
2028-01-31,,赤口
2028-02-01,,先勝
2028-02-02,,友引
2028-02-03,,先負
2028-02-04,,仏滅
2028-02-05,,大安
2028-02-06,,赤口
2028-02-07,,先勝
2028-02-08,,友引
2028-02-09,,先負
2028-02-10,,仏滅
2028-02-11,建国記念の日,大安
2028-02-12,,赤口
2028-02-13,,先勝
2028-02-14,,友引
2028-02-15,,先負
2028-02-16,,仏滅
2028-02-17,,大安
2028-02-18,,赤口
2028-02-19,,先勝
2028-02-20,,友引
2028-02-21,,先負
2028-02-22,,仏滅
2028-02-23,天皇誕生日,大安
2028-02-24,,赤口
2028-02-25,,友引
2028-02-26,,先負
2028-02-27,,仏滅
2028-02-28,,大安
2028-02-29,,赤口
2028-03-01,,先勝
2028-03-02,,友引
2028-03-03,,先負
2028-03-04,,仏滅
2028-03-05,,大安
2028-03-06,,赤口
2028-03-07,,先勝
2028-03-08,,友引
2028-03-09,,先負
2028-03-10,,仏滅
2028-03-11,,大安
2028-03-12,,赤口
2028-03-13,,先勝
2028-03-14,,友引
2028-03-15,,先負
2028-03-16,,仏滅
2028-03-17,,大安
2028-03-18,,赤口
2028-03-19,,先勝
2028-03-20,春分の日,友引
2028-03-21,,先負
2028-03-22,,仏滅
2028-03-23,,大安
2028-03-24,,赤口
2028-03-25,,先勝
2028-03-26,,先負
2028-03-27,,仏滅
2028-03-28,,大安
2028-03-29,,赤口
2028-03-30,,先勝
2028-03-31,,友引
2028-04-01,,先負
2028-04-02,,仏滅
2028-04-03,,大安
2028-04-04,,赤口
2028-04-05,,先勝
2028-04-06,,友引
2028-04-07,,先負
2028-04-08,,仏滅
2028-04-09,,大安
2028-04-10,,赤口
2028-04-11,,先勝
2028-04-12,,友引
2028-04-13,,先負
2028-04-14,,仏滅
2028-04-15,,大安
2028-04-16,,赤口
2028-04-17,,先勝
2028-04-18,,友引
2028-04-19,,先負
2028-04-20,,仏滅
2028-04-21,,大安
2028-04-22,,赤口
2028-04-23,,先勝
2028-04-24,,友引
2028-04-25,,仏滅
2028-04-26,,大安
2028-04-27,,赤口
2028-04-28,,先勝
2028-04-29,昭和の日,友引
2028-04-30,,先負
2028-05-01,,仏滅
2028-05-02,,大安
2028-05-03,憲法記念日,赤口
2028-05-04,みどりの日,先勝
2028-05-05,こどもの日,友引
2028-05-06,,先負
2028-05-07,,仏滅
2028-05-08,,大安
2028-05-09,,赤口
2028-05-10,,先勝
2028-05-11,,友引
2028-05-12,,先負
2028-05-13,,仏滅
2028-05-14,,大安
2028-05-15,,赤口
2028-05-16,,先勝
2028-05-17,,友引
2028-05-18,,先負
2028-05-19,,仏滅
2028-05-20,,大安
2028-05-21,,赤口
2028-05-22,,先勝
2028-05-23,,友引
2028-05-24,,大安
2028-05-25,,赤口
2028-05-26,,先勝
2028-05-27,,友引
2028-05-28,,先負
2028-05-29,,仏滅
2028-05-30,,大安
2028-05-31,,赤口
2028-06-01,,先勝
2028-06-02,,友引
2028-06-03,,先負
2028-06-04,,仏滅
2028-06-05,,大安
2028-06-06,,赤口
2028-06-07,,先勝
2028-06-08,,友引
2028-06-09,,先負
2028-06-10,,仏滅
2028-06-11,,大安
2028-06-12,,赤口
2028-06-13,,先勝
2028-06-14,,友引
2028-06-15,,先負
2028-06-16,,仏滅
2028-06-17,,大安
2028-06-18,,赤口
2028-06-19,,先勝
2028-06-20,,友引
2028-06-21,,先負
2028-06-22,,仏滅
2028-06-23,,先負
2028-06-24,,仏滅
2028-06-25,,大安
2028-06-26,,赤口
2028-06-27,,先勝
2028-06-28,,友引
2028-06-29,,先負
2028-06-30,,仏滅
2028-07-01,,大安
2028-07-02,,赤口
2028-07-03,,先勝
2028-07-04,,友引
2028-07-05,,先負
2028-07-06,,仏滅
2028-07-07,,大安
2028-07-08,,赤口
2028-07-09,,先勝
2028-07-10,,友引
2028-07-11,,先負
2028-07-12,,仏滅
2028-07-13,,大安
2028-07-14,,赤口
2028-07-15,,先勝
2028-07-16,,友引
2028-07-17,海の日,先負
2028-07-18,,仏滅
2028-07-19,,大安
2028-07-20,,赤口
2028-07-21,,先勝
2028-07-22,,赤口
2028-07-23,,先勝
2028-07-24,,友引
2028-07-25,,先負
2028-07-26,,仏滅
2028-07-27,,大安
2028-07-28,,赤口
2028-07-29,,先勝
2028-07-30,,友引
2028-07-31,,先負
2028-08-01,,仏滅
2028-08-02,,大安
2028-08-03,,赤口
2028-08-04,,先勝
2028-08-05,,友引
2028-08-06,,先負
2028-08-07,,仏滅
2028-08-08,,大安
2028-08-09,,赤口
2028-08-10,,先勝
2028-08-11,山の日,友引
2028-08-12,,先負
2028-08-13,,仏滅
2028-08-14,,大安
2028-08-15,,赤口
2028-08-16,,先勝
2028-08-17,,友引
2028-08-18,,先負
2028-08-19,,仏滅
2028-08-20,,先勝
2028-08-21,,友引
2028-08-22,,先負
2028-08-23,,仏滅
2028-08-24,,大安
2028-08-25,,赤口
2028-08-26,,先勝
2028-08-27,,友引
2028-08-28,,先負
2028-08-29,,仏滅
2028-08-30,,大安
2028-08-31,,赤口
2028-09-01,,先勝
2028-09-02,,友引
2028-09-03,,先負
2028-09-04,,仏滅
2028-09-05,,大安
2028-09-06,,赤口
2028-09-07,,先勝
2028-09-08,,友引
2028-09-09,,先負
2028-09-10,,仏滅
2028-09-11,,大安
2028-09-12,,赤口
2028-09-13,,先勝
2028-09-14,,友引
2028-09-15,,先負
2028-09-16,,仏滅
2028-09-17,,大安
2028-09-18,敬老の日,赤口
2028-09-19,,友引
2028-09-20,,先負
2028-09-21,,仏滅
2028-09-22,秋分の日,大安
2028-09-23,,赤口
2028-09-24,,先勝
2028-09-25,,友引
2028-09-26,,先負
2028-09-27,,仏滅
2028-09-28,,大安
2028-09-29,,赤口
2028-09-30,,先勝
2028-10-01,,友引
2028-10-02,,先負
2028-10-03,,仏滅
2028-10-04,,大安
2028-10-05,,赤口
2028-10-06,,先勝
2028-10-07,,友引
2028-10-08,,先負
2028-10-09,スポーツの日,仏滅
2028-10-10,,大安
2028-10-11,,赤口
2028-10-12,,先勝
2028-10-13,,友引
2028-10-14,,先負
2028-10-15,,仏滅
2028-10-16,,大安
2028-10-17,,赤口
2028-10-18,,先負
2028-10-19,,仏滅
2028-10-20,,大安
2028-10-21,,赤口
2028-10-22,,先勝
2028-10-23,,友引
2028-10-24,,先負
2028-10-25,,仏滅
2028-10-26,,大安
2028-10-27,,赤口
2028-10-28,,先勝
2028-10-29,,友引
2028-10-30,,先負
2028-10-31,,仏滅
2028-11-01,,大安
2028-11-02,,赤口
2028-11-03,文化の日,先勝
2028-11-04,,友引
2028-11-05,,先負
2028-11-06,,仏滅
2028-11-07,,大安
2028-11-08,,赤口
2028-11-09,,先勝
2028-11-10,,友引
2028-11-11,,先負
2028-11-12,,仏滅
2028-11-13,,大安
2028-11-14,,赤口
2028-11-15,,先勝
2028-11-16,,仏滅
2028-11-17,,大安
2028-11-18,,赤口
2028-11-19,,先勝
2028-11-20,,友引
2028-11-21,,先負
2028-11-22,,仏滅
2028-11-23,勤労感謝の日,大安
2028-11-24,,赤口
2028-11-25,,先勝
2028-11-26,,友引
2028-11-27,,先負
2028-11-28,,仏滅
2028-11-29,,大安
2028-11-30,,赤口
2028-12-01,,先勝
2028-12-02,,友引
2028-12-03,,先負
2028-12-04,,仏滅
2028-12-05,,大安
2028-12-06,,赤口
2028-12-07,,先勝
2028-12-08,,友引
2028-12-09,,先負
2028-12-10,,仏滅
2028-12-11,,大安
2028-12-12,,赤口
2028-12-13,,先勝
2028-12-14,,友引
2028-12-15,,先負
2028-12-16,,大安
2028-12-17,,赤口
2028-12-18,,先勝
2028-12-19,,友引
2028-12-20,,先負
2028-12-21,,仏滅
2028-12-22,,大安
2028-12-23,,赤口
2028-12-24,,先勝
2028-12-25,,友引
2028-12-26,,先負
2028-12-27,,仏滅
2028-12-28,,大安
2028-12-29,,赤口
2028-12-30,,先勝
2028-12-31,,友引
2029-01-01,元日,先負
2029-01-02,,仏滅
2029-01-03,,大安
2029-01-04,,赤口
2029-01-05,,先勝
2029-01-06,,友引
2029-01-07,,先負
2029-01-08,成人の日,仏滅
2029-01-09,,大安
2029-01-10,,赤口
2029-01-11,,先勝
2029-01-12,,友引
2029-01-13,,先負
2029-01-14,,仏滅
2029-01-15,,赤口
2029-01-16,,先勝
2029-01-17,,友引
2029-01-18,,先負
2029-01-19,,仏滅
2029-01-20,,大安
2029-01-21,,赤口
2029-01-22,,先勝
2029-01-23,,友引
2029-01-24,,先負
2029-01-25,,仏滅
2029-01-26,,大安
2029-01-27,,赤口
2029-01-28,,先勝
2029-01-29,,友引
2029-01-30,,先負
2029-01-31,,仏滅
2029-02-01,,大安
2029-02-02,,赤口
2029-02-03,,先勝
2029-02-04,,友引
2029-02-05,,先負
2029-02-06,,仏滅
2029-02-07,,大安
2029-02-08,,赤口
2029-02-09,,先勝
2029-02-10,,友引
2029-02-11,建国記念の日,先負
2029-02-12,振替休日,仏滅
2029-02-13,,先勝
2029-02-14,,友引
2029-02-15,,先負
2029-02-16,,仏滅
2029-02-17,,大安
2029-02-18,,赤口
2029-02-19,,先勝
2029-02-20,,友引
2029-02-21,,先負
2029-02-22,,仏滅
2029-02-23,天皇誕生日,大安
2029-02-24,,赤口
2029-02-25,,先勝
2029-02-26,,友引
2029-02-27,,先負
2029-02-28,,仏滅
2029-03-01,,大安
2029-03-02,,赤口
2029-03-03,,先勝
2029-03-04,,友引
2029-03-05,,先負
2029-03-06,,仏滅
2029-03-07,,大安
2029-03-08,,赤口
2029-03-09,,先勝
2029-03-10,,友引
2029-03-11,,先負
2029-03-12,,仏滅
2029-03-13,,大安
2029-03-14,,赤口
2029-03-15,,友引
2029-03-16,,先負
2029-03-17,,仏滅
2029-03-18,,大安
2029-03-19,,赤口
2029-03-20,春分の日,先勝
2029-03-21,,友引
2029-03-22,,先負
2029-03-23,,仏滅
2029-03-24,,大安
2029-03-25,,赤口
2029-03-26,,先勝
2029-03-27,,友引
2029-03-28,,先負
2029-03-29,,仏滅
2029-03-30,,大安
2029-03-31,,赤口
2029-04-01,,先勝
2029-04-02,,友引
2029-04-03,,先負
2029-04-04,,仏滅
2029-04-05,,大安
2029-04-06,,赤口
2029-04-07,,先勝
2029-04-08,,友引
2029-04-09,,先負
2029-04-10,,仏滅
2029-04-11,,大安
2029-04-12,,赤口
2029-04-13,,先勝
2029-04-14,,先負
2029-04-15,,仏滅
2029-04-16,,大安
2029-04-17,,赤口
2029-04-18,,先勝
2029-04-19,,友引
2029-04-20,,先負
2029-04-21,,仏滅
2029-04-22,,大安
2029-04-23,,赤口
2029-04-24,,先勝
2029-04-25,,友引
2029-04-26,,先負
2029-04-27,,仏滅
2029-04-28,,大安
2029-04-29,昭和の日,赤口
2029-04-30,振替休日,先勝
2029-05-01,,友引
2029-05-02,,先負
2029-05-03,憲法記念日,仏滅
2029-05-04,みどりの日,大安
2029-05-05,こどもの日,赤口
2029-05-06,,先勝
2029-05-07,,友引
2029-05-08,,先負
2029-05-09,,仏滅
2029-05-10,,大安
2029-05-11,,赤口
2029-05-12,,先勝
2029-05-13,,仏滅
2029-05-14,,大安
2029-05-15,,赤口
2029-05-16,,先勝
2029-05-17,,友引
2029-05-18,,先負
2029-05-19,,仏滅
2029-05-20,,大安
2029-05-21,,赤口
2029-05-22,,先勝
2029-05-23,,友引
2029-05-24,,先負
2029-05-25,,仏滅
2029-05-26,,大安
2029-05-27,,赤口
2029-05-28,,先勝
2029-05-29,,友引
2029-05-30,,先負
2029-05-31,,仏滅
2029-06-01,,大安
2029-06-02,,赤口
2029-06-03,,先勝
2029-06-04,,友引
2029-06-05,,先負
2029-06-06,,仏滅
2029-06-07,,大安
2029-06-08,,赤口
2029-06-09,,先勝
2029-06-10,,友引
2029-06-11,,先負
2029-06-12,,大安
2029-06-13,,赤口
2029-06-14,,先勝
2029-06-15,,友引
2029-06-16,,先負
2029-06-17,,仏滅
2029-06-18,,大安
2029-06-19,,赤口
2029-06-20,,先勝
2029-06-21,,友引
2029-06-22,,先負
2029-06-23,,仏滅
2029-06-24,,大安
2029-06-25,,赤口
2029-06-26,,先勝
2029-06-27,,友引
2029-06-28,,先負
2029-06-29,,仏滅
2029-06-30,,大安
2029-07-01,,赤口
2029-07-02,,先勝
2029-07-03,,友引
2029-07-04,,先負
2029-07-05,,仏滅
2029-07-06,,大安
2029-07-07,,赤口
2029-07-08,,先勝
2029-07-09,,友引
2029-07-10,,先負
2029-07-11,,赤口
2029-07-12,,先勝
2029-07-13,,友引
2029-07-14,,先負
2029-07-15,,仏滅
2029-07-16,海の日,大安
2029-07-17,,赤口
2029-07-18,,先勝
2029-07-19,,友引
2029-07-20,,先負
2029-07-21,,仏滅
2029-07-22,,大安
2029-07-23,,赤口
2029-07-24,,先勝
2029-07-25,,友引
2029-07-26,,先負
2029-07-27,,仏滅
2029-07-28,,大安
2029-07-29,,赤口
2029-07-30,,先勝
2029-07-31,,友引
2029-08-01,,先負
2029-08-02,,仏滅
2029-08-03,,大安
2029-08-04,,赤口
2029-08-05,,先勝
2029-08-06,,友引
2029-08-07,,先負
2029-08-08,,仏滅
2029-08-09,,大安
2029-08-10,,先勝
2029-08-11,山の日,友引
2029-08-12,,先負
2029-08-13,,仏滅
2029-08-14,,大安
2029-08-15,,赤口
2029-08-16,,先勝
2029-08-17,,友引
2029-08-18,,先負
2029-08-19,,仏滅
2029-08-20,,大安
2029-08-21,,赤口
2029-08-22,,先勝
2029-08-23,,友引
2029-08-24,,先負
2029-08-25,,仏滅
2029-08-26,,大安
2029-08-27,,赤口
2029-08-28,,先勝
2029-08-29,,友引
2029-08-30,,先負
2029-08-31,,仏滅
2029-09-01,,大安
2029-09-02,,赤口
2029-09-03,,先勝
2029-09-04,,友引
2029-09-05,,先負
2029-09-06,,仏滅
2029-09-07,,大安
2029-09-08,,友引
2029-09-09,,先負
2029-09-10,,仏滅
2029-09-11,,大安
2029-09-12,,赤口
2029-09-13,,先勝
2029-09-14,,友引
2029-09-15,,先負
2029-09-16,,仏滅
2029-09-17,敬老の日,大安
2029-09-18,,赤口
2029-09-19,,先勝
2029-09-20,,友引
2029-09-21,,先負
2029-09-22,,仏滅
2029-09-23,秋分の日,大安
2029-09-24,振替休日,赤口
2029-09-25,,先勝
2029-09-26,,友引
2029-09-27,,先負
2029-09-28,,仏滅
2029-09-29,,大安
2029-09-30,,赤口
2029-10-01,,先勝
2029-10-02,,友引
2029-10-03,,先負
2029-10-04,,仏滅
2029-10-05,,大安
2029-10-06,,赤口
2029-10-07,,先勝
2029-10-08,スポーツの日,先負
2029-10-09,,仏滅
2029-10-10,,大安
2029-10-11,,赤口
2029-10-12,,先勝
2029-10-13,,友引
2029-10-14,,先負
2029-10-15,,仏滅
2029-10-16,,大安
2029-10-17,,赤口
2029-10-18,,先勝
2029-10-19,,友引
2029-10-20,,先負
2029-10-21,,仏滅
2029-10-22,,大安
2029-10-23,,赤口
2029-10-24,,先勝
2029-10-25,,友引
2029-10-26,,先負
2029-10-27,,仏滅
2029-10-28,,大安
2029-10-29,,赤口
2029-10-30,,先勝
2029-10-31,,友引
2029-11-01,,先負
2029-11-02,,仏滅
2029-11-03,文化の日,大安
2029-11-04,,赤口
2029-11-05,,先勝
2029-11-06,,仏滅
2029-11-07,,大安
2029-11-08,,赤口
2029-11-09,,先勝
2029-11-10,,友引
2029-11-11,,先負
2029-11-12,,仏滅
2029-11-13,,大安
2029-11-14,,赤口
2029-11-15,,先勝
2029-11-16,,友引
2029-11-17,,先負
2029-11-18,,仏滅
2029-11-19,,大安
2029-11-20,,赤口
2029-11-21,,先勝
2029-11-22,,友引
2029-11-23,勤労感謝の日,先負
2029-11-24,,仏滅
2029-11-25,,大安
2029-11-26,,赤口
2029-11-27,,先勝
2029-11-28,,友引
2029-11-29,,先負
2029-11-30,,仏滅
2029-12-01,,大安
2029-12-02,,赤口
2029-12-03,,先勝
2029-12-04,,友引
2029-12-05,,大安
2029-12-06,,赤口
2029-12-07,,先勝
2029-12-08,,友引
2029-12-09,,先負
2029-12-10,,仏滅
2029-12-11,,大安
2029-12-12,,赤口
2029-12-13,,先勝
2029-12-14,,友引
2029-12-15,,先負
2029-12-16,,仏滅
2029-12-17,,大安
2029-12-18,,赤口
2029-12-19,,先勝
2029-12-20,,友引
2029-12-21,,先負
2029-12-22,,仏滅
2029-12-23,,大安
2029-12-24,,赤口
2029-12-25,,先勝
2029-12-26,,友引
2029-12-27,,先負
2029-12-28,,仏滅
2029-12-29,,大安
2029-12-30,,赤口
2029-12-31,,先勝
2030-01-01,元日,友引
2030-01-02,,先負
2030-01-03,,仏滅
2030-01-04,,赤口
2030-01-05,,先勝
2030-01-06,,友引
2030-01-07,,先負
2030-01-08,,仏滅
2030-01-09,,大安
2030-01-10,,赤口
2030-01-11,,先勝
2030-01-12,,友引
2030-01-13,,先負
2030-01-14,成人の日,仏滅
2030-01-15,,大安
2030-01-16,,赤口
2030-01-17,,先勝
2030-01-18,,友引
2030-01-19,,先負
2030-01-20,,仏滅
2030-01-21,,大安
2030-01-22,,赤口
2030-01-23,,先勝
2030-01-24,,友引
2030-01-25,,先負
2030-01-26,,仏滅
2030-01-27,,大安
2030-01-28,,赤口
2030-01-29,,先勝
2030-01-30,,友引
2030-01-31,,先負
2030-02-01,,仏滅
2030-02-02,,大安
2030-02-03,,先勝
2030-02-04,,友引
2030-02-05,,先負
2030-02-06,,仏滅
2030-02-07,,大安
2030-02-08,,赤口
2030-02-09,,先勝
2030-02-10,,友引
2030-02-11,建国記念の日,先負
2030-02-12,,仏滅
2030-02-13,,大安
2030-02-14,,赤口
2030-02-15,,先勝
2030-02-16,,友引
2030-02-17,,先負
2030-02-18,,仏滅
2030-02-19,,大安
2030-02-20,,赤口
2030-02-21,,先勝
2030-02-22,,友引
2030-02-23,天皇誕生日,先負
2030-02-24,,仏滅
2030-02-25,,大安
2030-02-26,,赤口
2030-02-27,,先勝
2030-02-28,,友引
2030-03-01,,先負
2030-03-02,,仏滅
2030-03-03,,大安
2030-03-04,,友引
2030-03-05,,先負
2030-03-06,,仏滅
2030-03-07,,大安
2030-03-08,,赤口
2030-03-09,,先勝
2030-03-10,,友引
2030-03-11,,先負
2030-03-12,,仏滅
2030-03-13,,大安
2030-03-14,,赤口
2030-03-15,,先勝
2030-03-16,,友引
2030-03-17,,先負
2030-03-18,,仏滅
2030-03-19,,大安
2030-03-20,春分の日,赤口
2030-03-21,,先勝
2030-03-22,,友引
2030-03-23,,先負
2030-03-24,,仏滅
2030-03-25,,大安
2030-03-26,,赤口
2030-03-27,,先勝
2030-03-28,,友引
2030-03-29,,先負
2030-03-30,,仏滅
2030-03-31,,大安
2030-04-01,,赤口
2030-04-02,,先勝
2030-04-03,,先負
2030-04-04,,仏滅
2030-04-05,,大安
2030-04-06,,赤口
2030-04-07,,先勝
2030-04-08,,友引
2030-04-09,,先負
2030-04-10,,仏滅
2030-04-11,,大安
2030-04-12,,赤口
2030-04-13,,先勝
2030-04-14,,友引
2030-04-15,,先負
2030-04-16,,仏滅
2030-04-17,,大安
2030-04-18,,赤口
2030-04-19,,先勝
2030-04-20,,友引
2030-04-21,,先負
2030-04-22,,仏滅
2030-04-23,,大安
2030-04-24,,赤口
2030-04-25,,先勝
2030-04-26,,友引
2030-04-27,,先負
2030-04-28,,仏滅
2030-04-29,昭和の日,大安
2030-04-30,,赤口
2030-05-01,,先勝
2030-05-02,,仏滅
2030-05-03,憲法記念日,大安
2030-05-04,みどりの日,赤口
2030-05-05,こどもの日,先勝
2030-05-06,振替休日,友引
2030-05-07,,先負
2030-05-08,,仏滅
2030-05-09,,大安
2030-05-10,,赤口
2030-05-11,,先勝
2030-05-12,,友引
2030-05-13,,先負
2030-05-14,,仏滅
2030-05-15,,大安
2030-05-16,,赤口
2030-05-17,,先勝
2030-05-18,,友引
2030-05-19,,先負
2030-05-20,,仏滅
2030-05-21,,大安
2030-05-22,,赤口
2030-05-23,,先勝
2030-05-24,,友引
2030-05-25,,先負
2030-05-26,,仏滅
2030-05-27,,大安
2030-05-28,,赤口
2030-05-29,,先勝
2030-05-30,,友引
2030-05-31,,先負
2030-06-01,,大安
2030-06-02,,赤口
2030-06-03,,先勝
2030-06-04,,友引
2030-06-05,,先負
2030-06-06,,仏滅
2030-06-07,,大安
2030-06-08,,赤口
2030-06-09,,先勝
2030-06-10,,友引
2030-06-11,,先負
2030-06-12,,仏滅
2030-06-13,,大安
2030-06-14,,赤口
2030-06-15,,先勝
2030-06-16,,友引
2030-06-17,,先負
2030-06-18,,仏滅
2030-06-19,,大安
2030-06-20,,赤口
2030-06-21,,先勝
2030-06-22,,友引
2030-06-23,,先負
2030-06-24,,仏滅
2030-06-25,,大安
2030-06-26,,赤口
2030-06-27,,先勝
2030-06-28,,友引
2030-06-29,,先負
2030-06-30,,仏滅
2030-07-01,,赤口
2030-07-02,,先勝
2030-07-03,,友引
2030-07-04,,先負
2030-07-05,,仏滅
2030-07-06,,大安
2030-07-07,,赤口
2030-07-08,,先勝
2030-07-09,,友引
2030-07-10,,先負
2030-07-11,,仏滅
2030-07-12,,大安
2030-07-13,,赤口
2030-07-14,,先勝
2030-07-15,海の日,友引
2030-07-16,,先負
2030-07-17,,仏滅
2030-07-18,,大安
2030-07-19,,赤口
2030-07-20,,先勝
2030-07-21,,友引
2030-07-22,,先負
2030-07-23,,仏滅
2030-07-24,,大安
2030-07-25,,赤口
2030-07-26,,先勝
2030-07-27,,友引
2030-07-28,,先負
2030-07-29,,仏滅
2030-07-30,,先勝
2030-07-31,,友引
2030-08-01,,先負
2030-08-02,,仏滅
2030-08-03,,大安
2030-08-04,,赤口
2030-08-05,,先勝
2030-08-06,,友引
2030-08-07,,先負
2030-08-08,,仏滅
2030-08-09,,大安
2030-08-10,,赤口
2030-08-11,山の日,先勝
2030-08-12,振替休日,友引
2030-08-13,,先負
2030-08-14,,仏滅
2030-08-15,,大安
2030-08-16,,赤口
2030-08-17,,先勝
2030-08-18,,友引
2030-08-19,,先負
2030-08-20,,仏滅
2030-08-21,,大安
2030-08-22,,赤口
2030-08-23,,先勝
2030-08-24,,友引
2030-08-25,,先負
2030-08-26,,仏滅
2030-08-27,,大安
2030-08-28,,赤口
2030-08-29,,友引
2030-08-30,,先負
2030-08-31,,仏滅
2030-09-01,,大安
2030-09-02,,赤口
2030-09-03,,先勝
2030-09-04,,友引
2030-09-05,,先負
2030-09-06,,仏滅
2030-09-07,,大安
2030-09-08,,赤口
2030-09-09,,先勝
2030-09-10,,友引
2030-09-11,,先負
2030-09-12,,仏滅
2030-09-13,,大安
2030-09-14,,赤口
2030-09-15,,先勝
2030-09-16,敬老の日,友引
2030-09-17,,先負
2030-09-18,,仏滅
2030-09-19,,大安
2030-09-20,,赤口
2030-09-21,,先勝
2030-09-22,,友引
2030-09-23,秋分の日,先負
2030-09-24,,仏滅
2030-09-25,,大安
2030-09-26,,赤口
2030-09-27,,先負
2030-09-28,,仏滅
2030-09-29,,大安
2030-09-30,,赤口
2030-10-01,,先勝
2030-10-02,,友引
2030-10-03,,先負
2030-10-04,,仏滅
2030-10-05,,大安
2030-10-06,,赤口
2030-10-07,,先勝
2030-10-08,,友引
2030-10-09,,先負
2030-10-10,,仏滅
2030-10-11,,大安
2030-10-12,,赤口
2030-10-13,,先勝
2030-10-14,スポーツの日,友引
2030-10-15,,先負
2030-10-16,,仏滅
2030-10-17,,大安
2030-10-18,,赤口
2030-10-19,,先勝
2030-10-20,,友引
2030-10-21,,先負
2030-10-22,,仏滅
2030-10-23,,大安
2030-10-24,,赤口
2030-10-25,,先勝
2030-10-26,,友引
2030-10-27,,仏滅
2030-10-28,,大安
2030-10-29,,赤口
2030-10-30,,先勝
2030-10-31,,友引
2030-11-01,,先負
2030-11-02,,仏滅
2030-11-03,文化の日,大安
2030-11-04,振替休日,赤口
2030-11-05,,先勝
2030-11-06,,友引
2030-11-07,,先負
2030-11-08,,仏滅
2030-11-09,,大安
2030-11-10,,赤口
2030-11-11,,先勝
2030-11-12,,友引
2030-11-13,,先負
2030-11-14,,仏滅
2030-11-15,,大安
2030-11-16,,赤口
2030-11-17,,先勝
2030-11-18,,友引
2030-11-19,,先負
2030-11-20,,仏滅
2030-11-21,,大安
2030-11-22,,赤口
2030-11-23,勤労感謝の日,先勝
2030-11-24,,友引
2030-11-25,,大安
2030-11-26,,赤口
2030-11-27,,先勝
2030-11-28,,友引
2030-11-29,,先負
2030-11-30,,仏滅
2030-12-01,,大安
2030-12-02,,赤口
2030-12-03,,先勝
2030-12-04,,友引
2030-12-05,,先負
2030-12-06,,仏滅
2030-12-07,,大安
2030-12-08,,赤口
2030-12-09,,先勝
2030-12-10,,友引
2030-12-11,,先負
2030-12-12,,仏滅
2030-12-13,,大安
2030-12-14,,赤口
2030-12-15,,先勝
2030-12-16,,友引
2030-12-17,,先負
2030-12-18,,仏滅
2030-12-19,,大安
2030-12-20,,赤口
2030-12-21,,先勝
2030-12-22,,友引
2030-12-23,,先負
2030-12-24,,仏滅
2030-12-25,,赤口
2030-12-26,,先勝
2030-12-27,,友引
2030-12-28,,先負
2030-12-29,,仏滅
2030-12-30,,大安
2030-12-31,,赤口
2031-01-01,元日,先勝
2031-01-02,,友引
2031-01-03,,先負
2031-01-04,,仏滅
2031-01-05,,大安
2031-01-06,,赤口
2031-01-07,,先勝
2031-01-08,,友引
2031-01-09,,先負
2031-01-10,,仏滅
2031-01-11,,大安
2031-01-12,,赤口
2031-01-13,成人の日,先勝
2031-01-14,,友引
2031-01-15,,先負
2031-01-16,,仏滅
2031-01-17,,大安
2031-01-18,,赤口
2031-01-19,,先勝
2031-01-20,,友引
2031-01-21,,先負
2031-01-22,,仏滅
2031-01-23,,先勝
2031-01-24,,友引
2031-01-25,,先負
2031-01-26,,仏滅
2031-01-27,,大安
2031-01-28,,赤口
2031-01-29,,先勝
2031-01-30,,友引
2031-01-31,,先負
2031-02-01,,仏滅
2031-02-02,,大安
2031-02-03,,赤口
2031-02-04,,先勝
2031-02-05,,友引
2031-02-06,,先負
2031-02-07,,仏滅
2031-02-08,,大安
2031-02-09,,赤口
2031-02-10,,先勝
2031-02-11,建国記念の日,友引
2031-02-12,,先負
2031-02-13,,仏滅
2031-02-14,,大安
2031-02-15,,赤口
2031-02-16,,先勝
2031-02-17,,友引
2031-02-18,,先負
2031-02-19,,仏滅
2031-02-20,,大安
2031-02-21,,友引
2031-02-22,,先負
2031-02-23,天皇誕生日,仏滅
2031-02-24,振替休日,大安
2031-02-25,,赤口
2031-02-26,,先勝
2031-02-27,,友引
2031-02-28,,先負
2031-03-01,,仏滅
2031-03-02,,大安
2031-03-03,,赤口
2031-03-04,,先勝
2031-03-05,,友引
2031-03-06,,先負
2031-03-07,,仏滅
2031-03-08,,大安
2031-03-09,,赤口
2031-03-10,,先勝
2031-03-11,,友引
2031-03-12,,先負
2031-03-13,,仏滅
2031-03-14,,大安
2031-03-15,,赤口
2031-03-16,,先勝
2031-03-17,,友引
2031-03-18,,先負
2031-03-19,,仏滅
2031-03-20,,大安
2031-03-21,春分の日,赤口
2031-03-22,,先勝
2031-03-23,,先負
2031-03-24,,仏滅
2031-03-25,,大安
2031-03-26,,赤口
2031-03-27,,先勝
2031-03-28,,友引
2031-03-29,,先負
2031-03-30,,仏滅
2031-03-31,,大安
2031-04-01,,赤口
2031-04-02,,先勝
2031-04-03,,友引
2031-04-04,,先負
2031-04-05,,仏滅
2031-04-06,,大安
2031-04-07,,赤口
2031-04-08,,先勝
2031-04-09,,友引
2031-04-10,,先負
2031-04-11,,仏滅
2031-04-12,,大安
2031-04-13,,赤口
2031-04-14,,先勝
2031-04-15,,友引
2031-04-16,,先負
2031-04-17,,仏滅
2031-04-18,,大安
2031-04-19,,赤口
2031-04-20,,先勝
2031-04-21,,友引
2031-04-22,,先勝
2031-04-23,,友引
2031-04-24,,先負
2031-04-25,,仏滅
2031-04-26,,大安
2031-04-27,,赤口
2031-04-28,,先勝
2031-04-29,昭和の日,友引
2031-04-30,,先負
2031-05-01,,仏滅
2031-05-02,,大安
2031-05-03,憲法記念日,赤口
2031-05-04,みどりの日,先勝
2031-05-05,こどもの日,友引
2031-05-06,振替休日,先負
2031-05-07,,仏滅
2031-05-08,,大安
2031-05-09,,赤口
2031-05-10,,先勝
2031-05-11,,友引
2031-05-12,,先負
2031-05-13,,仏滅
2031-05-14,,大安
2031-05-15,,赤口
2031-05-16,,先勝
2031-05-17,,友引
2031-05-18,,先負
2031-05-19,,仏滅
2031-05-20,,大安
2031-05-21,,仏滅
2031-05-22,,大安
2031-05-23,,赤口
2031-05-24,,先勝
2031-05-25,,友引
2031-05-26,,先負
2031-05-27,,仏滅
2031-05-28,,大安
2031-05-29,,赤口
2031-05-30,,先勝
2031-05-31,,友引
2031-06-01,,先負
2031-06-02,,仏滅
2031-06-03,,大安
2031-06-04,,赤口
2031-06-05,,先勝
2031-06-06,,友引
2031-06-07,,先負
2031-06-08,,仏滅
2031-06-09,,大安
2031-06-10,,赤口
2031-06-11,,先勝
2031-06-12,,友引
2031-06-13,,先負
2031-06-14,,仏滅
2031-06-15,,大安
2031-06-16,,赤口
2031-06-17,,先勝
2031-06-18,,友引
2031-06-19,,先負
2031-06-20,,大安
2031-06-21,,赤口
2031-06-22,,先勝
2031-06-23,,友引
2031-06-24,,先負
2031-06-25,,仏滅
2031-06-26,,大安
2031-06-27,,赤口
2031-06-28,,先勝
2031-06-29,,友引
2031-06-30,,先負
2031-07-01,,仏滅
2031-07-02,,大安
2031-07-03,,赤口
2031-07-04,,先勝
2031-07-05,,友引
2031-07-06,,先負
2031-07-07,,仏滅
2031-07-08,,大安
2031-07-09,,赤口
2031-07-10,,先勝
2031-07-11,,友引
2031-07-12,,先負
2031-07-13,,仏滅
2031-07-14,,大安
2031-07-15,,赤口
2031-07-16,,先勝
2031-07-17,,友引
2031-07-18,,先負
2031-07-19,,赤口
2031-07-20,,先勝
2031-07-21,海の日,友引
2031-07-22,,先負
2031-07-23,,仏滅
2031-07-24,,大安
2031-07-25,,赤口
2031-07-26,,先勝
2031-07-27,,友引
2031-07-28,,先負
2031-07-29,,仏滅
2031-07-30,,大安
2031-07-31,,赤口
2031-08-01,,先勝
2031-08-02,,友引
2031-08-03,,先負
2031-08-04,,仏滅
2031-08-05,,大安
2031-08-06,,赤口
2031-08-07,,先勝
2031-08-08,,友引
2031-08-09,,先負
2031-08-10,,仏滅
2031-08-11,山の日,大安
2031-08-12,,赤口
2031-08-13,,先勝
2031-08-14,,友引
2031-08-15,,先負
2031-08-16,,仏滅
2031-08-17,,大安
2031-08-18,,先勝
2031-08-19,,友引
2031-08-20,,先負
2031-08-21,,仏滅
2031-08-22,,大安
2031-08-23,,赤口
2031-08-24,,先勝
2031-08-25,,友引
2031-08-26,,先負
2031-08-27,,仏滅
2031-08-28,,大安
2031-08-29,,赤口
2031-08-30,,先勝
2031-08-31,,友引
2031-09-01,,先負
2031-09-02,,仏滅
2031-09-03,,大安
2031-09-04,,赤口
2031-09-05,,先勝
2031-09-06,,友引
2031-09-07,,先負
2031-09-08,,仏滅
2031-09-09,,大安
2031-09-10,,赤口
2031-09-11,,先勝
2031-09-12,,友引
2031-09-13,,先負
2031-09-14,,仏滅
2031-09-15,敬老の日,大安
2031-09-16,,赤口
2031-09-17,,友引
2031-09-18,,先負
2031-09-19,,仏滅
2031-09-20,,大安
2031-09-21,,赤口
2031-09-22,,先勝
2031-09-23,秋分の日,友引
2031-09-24,,先負
2031-09-25,,仏滅
2031-09-26,,大安
2031-09-27,,赤口
2031-09-28,,先勝
2031-09-29,,友引
2031-09-30,,先負
2031-10-01,,仏滅
2031-10-02,,大安
2031-10-03,,赤口
2031-10-04,,先勝
2031-10-05,,友引
2031-10-06,,先負
2031-10-07,,仏滅
2031-10-08,,大安
2031-10-09,,赤口
2031-10-10,,先勝
2031-10-11,,友引
2031-10-12,,先負
2031-10-13,スポーツの日,仏滅
2031-10-14,,大安
2031-10-15,,赤口
2031-10-16,,先負
2031-10-17,,仏滅
2031-10-18,,大安
2031-10-19,,赤口
2031-10-20,,先勝
2031-10-21,,友引
2031-10-22,,先負
2031-10-23,,仏滅
2031-10-24,,大安
2031-10-25,,赤口
2031-10-26,,先勝
2031-10-27,,友引
2031-10-28,,先負
2031-10-29,,仏滅
2031-10-30,,大安
2031-10-31,,赤口
2031-11-01,,先勝
2031-11-02,,友引
2031-11-03,文化の日,先負
2031-11-04,,仏滅
2031-11-05,,大安
2031-11-06,,赤口
2031-11-07,,先勝
2031-11-08,,友引
2031-11-09,,先負
2031-11-10,,仏滅
2031-11-11,,大安
2031-11-12,,赤口
2031-11-13,,先勝
2031-11-14,,友引
2031-11-15,,仏滅
2031-11-16,,大安
2031-11-17,,赤口
2031-11-18,,先勝
2031-11-19,,友引
2031-11-20,,先負
2031-11-21,,仏滅
2031-11-22,,大安
2031-11-23,勤労感謝の日,赤口
2031-11-24,振替休日,先勝
2031-11-25,,友引
2031-11-26,,先負
2031-11-27,,仏滅
2031-11-28,,大安
2031-11-29,,赤口
2031-11-30,,先勝
2031-12-01,,友引
2031-12-02,,先負
2031-12-03,,仏滅
2031-12-04,,大安
2031-12-05,,赤口
2031-12-06,,先勝
2031-12-07,,友引
2031-12-08,,先負
2031-12-09,,仏滅
2031-12-10,,大安
2031-12-11,,赤口
2031-12-12,,先勝
2031-12-13,,友引
2031-12-14,,大安
2031-12-15,,赤口
2031-12-16,,先勝
2031-12-17,,友引
2031-12-18,,先負
2031-12-19,,仏滅
2031-12-20,,大安
2031-12-21,,赤口
2031-12-22,,先勝
2031-12-23,,友引
2031-12-24,,先負
2031-12-25,,仏滅
2031-12-26,,大安
2031-12-27,,赤口
2031-12-28,,先勝
2031-12-29,,友引
2031-12-30,,先負
2031-12-31,,仏滅
2032-01-01,元日,大安
2032-01-02,,赤口
2032-01-03,,先勝
2032-01-04,,友引
2032-01-05,,先負
2032-01-06,,仏滅
2032-01-07,,大安
2032-01-08,,赤口
2032-01-09,,先勝
2032-01-10,,友引
2032-01-11,,先負
2032-01-12,成人の日,仏滅
2032-01-13,,赤口
2032-01-14,,先勝
2032-01-15,,友引
2032-01-16,,先負
2032-01-17,,仏滅
2032-01-18,,大安
2032-01-19,,赤口
2032-01-20,,先勝
2032-01-21,,友引
2032-01-22,,先負
2032-01-23,,仏滅
2032-01-24,,大安
2032-01-25,,赤口
2032-01-26,,先勝
2032-01-27,,友引
2032-01-28,,先負
2032-01-29,,仏滅
2032-01-30,,大安
2032-01-31,,赤口
2032-02-01,,先勝
2032-02-02,,友引
2032-02-03,,先負
2032-02-04,,仏滅
2032-02-05,,大安
2032-02-06,,赤口
2032-02-07,,先勝
2032-02-08,,友引
2032-02-09,,先負
2032-02-10,,仏滅
2032-02-11,建国記念の日,先勝
2032-02-12,,友引
2032-02-13,,先負
2032-02-14,,仏滅
2032-02-15,,大安
2032-02-16,,赤口
2032-02-17,,先勝
2032-02-18,,友引
2032-02-19,,先負
2032-02-20,,仏滅
2032-02-21,,大安
2032-02-22,,赤口
2032-02-23,天皇誕生日,先勝
2032-02-24,,友引
2032-02-25,,先負
2032-02-26,,仏滅
2032-02-27,,大安
2032-02-28,,赤口
2032-02-29,,先勝
2032-03-01,,友引
2032-03-02,,先負
2032-03-03,,仏滅
2032-03-04,,大安
2032-03-05,,赤口
2032-03-06,,先勝
2032-03-07,,友引
2032-03-08,,先負
2032-03-09,,仏滅
2032-03-10,,大安
2032-03-11,,赤口
2032-03-12,,友引
2032-03-13,,先負
2032-03-14,,仏滅
2032-03-15,,大安
2032-03-16,,赤口
2032-03-17,,先勝
2032-03-18,,友引
2032-03-19,,先負
2032-03-20,春分の日,仏滅
2032-03-21,,大安
2032-03-22,,赤口
2032-03-23,,先勝
2032-03-24,,友引
2032-03-25,,先負
2032-03-26,,仏滅
2032-03-27,,大安
2032-03-28,,赤口
2032-03-29,,先勝
2032-03-30,,友引
2032-03-31,,先負
2032-04-01,,仏滅
2032-04-02,,大安
2032-04-03,,赤口
2032-04-04,,先勝
2032-04-05,,友引
2032-04-06,,先負
2032-04-07,,仏滅
2032-04-08,,大安
2032-04-09,,赤口
2032-04-10,,先負
2032-04-11,,仏滅
2032-04-12,,大安
2032-04-13,,赤口
2032-04-14,,先勝
2032-04-15,,友引
2032-04-16,,先負
2032-04-17,,仏滅
2032-04-18,,大安
2032-04-19,,赤口
2032-04-20,,先勝
2032-04-21,,友引
2032-04-22,,先負
2032-04-23,,仏滅
2032-04-24,,大安
2032-04-25,,赤口
2032-04-26,,先勝
2032-04-27,,友引
2032-04-28,,先負
2032-04-29,昭和の日,仏滅
2032-04-30,,大安
2032-05-01,,赤口
2032-05-02,,先勝
2032-05-03,憲法記念日,友引
2032-05-04,みどりの日,先負
2032-05-05,こどもの日,仏滅
2032-05-06,,大安
2032-05-07,,赤口
2032-05-08,,先勝
2032-05-09,,仏滅
2032-05-10,,大安
2032-05-11,,赤口
2032-05-12,,先勝
2032-05-13,,友引
2032-05-14,,先負
2032-05-15,,仏滅
2032-05-16,,大安
2032-05-17,,赤口
2032-05-18,,先勝
2032-05-19,,友引
2032-05-20,,先負
2032-05-21,,仏滅
2032-05-22,,大安
2032-05-23,,赤口
2032-05-24,,先勝
2032-05-25,,友引
2032-05-26,,先負
2032-05-27,,仏滅
2032-05-28,,大安
2032-05-29,,赤口
2032-05-30,,先勝
2032-05-31,,友引
2032-06-01,,先負
2032-06-02,,仏滅
2032-06-03,,大安
2032-06-04,,赤口
2032-06-05,,先勝
2032-06-06,,友引
2032-06-07,,先負
2032-06-08,,大安
2032-06-09,,赤口
2032-06-10,,先勝
2032-06-11,,友引
2032-06-12,,先負
2032-06-13,,仏滅
2032-06-14,,大安
2032-06-15,,赤口
2032-06-16,,先勝
2032-06-17,,友引
2032-06-18,,先負
2032-06-19,,仏滅
2032-06-20,,大安
2032-06-21,,赤口
2032-06-22,,先勝
2032-06-23,,友引
2032-06-24,,先負
2032-06-25,,仏滅
2032-06-26,,大安
2032-06-27,,赤口
2032-06-28,,先勝
2032-06-29,,友引
2032-06-30,,先負
2032-07-01,,仏滅
2032-07-02,,大安
2032-07-03,,赤口
2032-07-04,,先勝
2032-07-05,,友引
2032-07-06,,先負
2032-07-07,,赤口
2032-07-08,,先勝
2032-07-09,,友引
2032-07-10,,先負
2032-07-11,,仏滅
2032-07-12,,大安
2032-07-13,,赤口
2032-07-14,,先勝
2032-07-15,,友引
2032-07-16,,先負
2032-07-17,,仏滅
2032-07-18,,大安
2032-07-19,海の日,赤口
2032-07-20,,先勝
2032-07-21,,友引
2032-07-22,,先負
2032-07-23,,仏滅
2032-07-24,,大安
2032-07-25,,赤口
2032-07-26,,先勝
2032-07-27,,友引
2032-07-28,,先負
2032-07-29,,仏滅
2032-07-30,,大安
2032-07-31,,赤口
2032-08-01,,先勝
2032-08-02,,友引
2032-08-03,,先負
2032-08-04,,仏滅
2032-08-05,,大安
2032-08-06,,先勝
2032-08-07,,友引
2032-08-08,,先負
2032-08-09,,仏滅
2032-08-10,,大安
2032-08-11,山の日,赤口
2032-08-12,,先勝
2032-08-13,,友引
2032-08-14,,先負
2032-08-15,,仏滅
2032-08-16,,大安
2032-08-17,,赤口
2032-08-18,,先勝
2032-08-19,,友引
2032-08-20,,先負
2032-08-21,,仏滅
2032-08-22,,大安
2032-08-23,,赤口
2032-08-24,,先勝
2032-08-25,,友引
2032-08-26,,先負
2032-08-27,,仏滅
2032-08-28,,大安
2032-08-29,,赤口
2032-08-30,,先勝
2032-08-31,,友引
2032-09-01,,先負
2032-09-02,,仏滅
2032-09-03,,大安
2032-09-04,,赤口
2032-09-05,,友引
2032-09-06,,先負
2032-09-07,,仏滅
2032-09-08,,大安
2032-09-09,,赤口
2032-09-10,,先勝
2032-09-11,,友引
2032-09-12,,先負
2032-09-13,,仏滅
2032-09-14,,大安
2032-09-15,,赤口
2032-09-16,,先勝
2032-09-17,,友引
2032-09-18,,先負
2032-09-19,,仏滅
2032-09-20,敬老の日,大安
2032-09-21,国民の休日,赤口
2032-09-22,秋分の日,先勝
2032-09-23,,友引
2032-09-24,,先負
2032-09-25,,仏滅
2032-09-26,,大安
2032-09-27,,赤口
2032-09-28,,先勝
2032-09-29,,友引
2032-09-30,,先負
2032-10-01,,仏滅
2032-10-02,,大安
2032-10-03,,赤口
2032-10-04,,先負
2032-10-05,,仏滅
2032-10-06,,大安
2032-10-07,,赤口
2032-10-08,,先勝
2032-10-09,,友引
2032-10-10,,先負
2032-10-11,スポーツの日,仏滅
2032-10-12,,大安
2032-10-13,,赤口
2032-10-14,,先勝
2032-10-15,,友引
2032-10-16,,先負
2032-10-17,,仏滅
2032-10-18,,大安
2032-10-19,,赤口
2032-10-20,,先勝
2032-10-21,,友引
2032-10-22,,先負
2032-10-23,,仏滅
2032-10-24,,大安
2032-10-25,,赤口
2032-10-26,,先勝
2032-10-27,,友引
2032-10-28,,先負
2032-10-29,,仏滅
2032-10-30,,大安
2032-10-31,,赤口
2032-11-01,,先勝
2032-11-02,,友引
2032-11-03,文化の日,仏滅
2032-11-04,,大安
2032-11-05,,赤口
2032-11-06,,先勝
2032-11-07,,友引
2032-11-08,,先負
2032-11-09,,仏滅
2032-11-10,,大安
2032-11-11,,赤口
2032-11-12,,先勝
2032-11-13,,友引
2032-11-14,,先負
2032-11-15,,仏滅
2032-11-16,,大安
2032-11-17,,赤口
2032-11-18,,先勝
2032-11-19,,友引
2032-11-20,,先負
2032-11-21,,仏滅
2032-11-22,,大安
2032-11-23,勤労感謝の日,赤口
2032-11-24,,先勝
2032-11-25,,友引
2032-11-26,,先負
2032-11-27,,仏滅
2032-11-28,,大安
2032-11-29,,赤口
2032-11-30,,先勝
2032-12-01,,友引
2032-12-02,,先負
2032-12-03,,大安
2032-12-04,,赤口
2032-12-05,,先勝
2032-12-06,,友引
2032-12-07,,先負
2032-12-08,,仏滅
2032-12-09,,大安
2032-12-10,,赤口
2032-12-11,,先勝
2032-12-12,,友引
2032-12-13,,先負
2032-12-14,,仏滅
2032-12-15,,大安
2032-12-16,,赤口
2032-12-17,,先勝
2032-12-18,,友引
2032-12-19,,先負
2032-12-20,,仏滅
2032-12-21,,大安
2032-12-22,,赤口
2032-12-23,,先勝
2032-12-24,,友引
2032-12-25,,先負
2032-12-26,,仏滅
2032-12-27,,大安
2032-12-28,,赤口
2032-12-29,,先勝
2032-12-30,,友引
2032-12-31,,先負
2033-01-01,元日,赤口
2033-01-02,,先勝
2033-01-03,,友引
2033-01-04,,先負
2033-01-05,,仏滅
2033-01-06,,大安
2033-01-07,,赤口
2033-01-08,,先勝
2033-01-09,,友引
2033-01-10,成人の日,先負
2033-01-11,,仏滅
2033-01-12,,大安
2033-01-13,,赤口
2033-01-14,,先勝
2033-01-15,,友引
2033-01-16,,先負
2033-01-17,,仏滅
2033-01-18,,大安
2033-01-19,,赤口
2033-01-20,,先勝
2033-01-21,,友引
2033-01-22,,先負
2033-01-23,,仏滅
2033-01-24,,大安
2033-01-25,,赤口
2033-01-26,,先勝
2033-01-27,,友引
2033-01-28,,先負
2033-01-29,,仏滅
2033-01-30,,大安
2033-01-31,,先勝
2033-02-01,,友引
2033-02-02,,先負
2033-02-03,,仏滅
2033-02-04,,大安
2033-02-05,,赤口
2033-02-06,,先勝
2033-02-07,,友引
2033-02-08,,先負
2033-02-09,,仏滅
2033-02-10,,大安
2033-02-11,建国記念の日,赤口
2033-02-12,,先勝
2033-02-13,,友引
2033-02-14,,先負
2033-02-15,,仏滅
2033-02-16,,大安
2033-02-17,,赤口
2033-02-18,,先勝
2033-02-19,,友引
2033-02-20,,先負
2033-02-21,,仏滅
2033-02-22,,大安
2033-02-23,天皇誕生日,赤口
2033-02-24,,先勝
2033-02-25,,友引
2033-02-26,,先負
2033-02-27,,仏滅
2033-02-28,,大安
2033-03-01,,友引
2033-03-02,,先負
2033-03-03,,仏滅
2033-03-04,,大安
2033-03-05,,赤口
2033-03-06,,先勝
2033-03-07,,友引
2033-03-08,,先負
2033-03-09,,仏滅
2033-03-10,,大安
2033-03-11,,赤口
2033-03-12,,先勝
2033-03-13,,友引
2033-03-14,,先負
2033-03-15,,仏滅
2033-03-16,,大安
2033-03-17,,赤口
2033-03-18,,先勝
2033-03-19,,友引
2033-03-20,春分の日,先負
2033-03-21,振替休日,仏滅
2033-03-22,,大安
2033-03-23,,赤口
2033-03-24,,先勝
2033-03-25,,友引
2033-03-26,,先負
2033-03-27,,仏滅
2033-03-28,,大安
2033-03-29,,赤口
2033-03-30,,先勝
2033-03-31,,先負
2033-04-01,,仏滅
2033-04-02,,大安
2033-04-03,,赤口
2033-04-04,,先勝
2033-04-05,,友引
2033-04-06,,先負
2033-04-07,,仏滅
2033-04-08,,大安
2033-04-09,,赤口
2033-04-10,,先勝
2033-04-11,,友引
2033-04-12,,先負
2033-04-13,,仏滅
2033-04-14,,大安
2033-04-15,,赤口
2033-04-16,,先勝
2033-04-17,,友引
2033-04-18,,先負
2033-04-19,,仏滅
2033-04-20,,大安
2033-04-21,,赤口
2033-04-22,,先勝
2033-04-23,,友引
2033-04-24,,先負
2033-04-25,,仏滅
2033-04-26,,大安
2033-04-27,,赤口
2033-04-28,,先勝
2033-04-29,昭和の日,仏滅
2033-04-30,,大安
2033-05-01,,赤口
2033-05-02,,先勝
2033-05-03,憲法記念日,友引
2033-05-04,みどりの日,先負
2033-05-05,こどもの日,仏滅
2033-05-06,,大安
2033-05-07,,赤口
2033-05-08,,先勝
2033-05-09,,友引
2033-05-10,,先負
2033-05-11,,仏滅
2033-05-12,,大安
2033-05-13,,赤口
2033-05-14,,先勝
2033-05-15,,友引
2033-05-16,,先負
2033-05-17,,仏滅
2033-05-18,,大安
2033-05-19,,赤口
2033-05-20,,先勝
2033-05-21,,友引
2033-05-22,,先負
2033-05-23,,仏滅
2033-05-24,,大安
2033-05-25,,赤口
2033-05-26,,先勝
2033-05-27,,友引
2033-05-28,,大安
2033-05-29,,赤口
2033-05-30,,先勝
2033-05-31,,友引
2033-06-01,,先負
2033-06-02,,仏滅
2033-06-03,,大安
2033-06-04,,赤口
2033-06-05,,先勝
2033-06-06,,友引
2033-06-07,,先負
2033-06-08,,仏滅
2033-06-09,,大安
2033-06-10,,赤口
2033-06-11,,先勝
2033-06-12,,友引
2033-06-13,,先負
2033-06-14,,仏滅
2033-06-15,,大安
2033-06-16,,赤口
2033-06-17,,先勝
2033-06-18,,友引
2033-06-19,,先負
2033-06-20,,仏滅
2033-06-21,,大安
2033-06-22,,赤口
2033-06-23,,先勝
2033-06-24,,友引
2033-06-25,,先負
2033-06-26,,仏滅
2033-06-27,,赤口
2033-06-28,,先勝
2033-06-29,,友引
2033-06-30,,先負
2033-07-01,,仏滅
2033-07-02,,大安
2033-07-03,,赤口
2033-07-04,,先勝
2033-07-05,,友引
2033-07-06,,先負
2033-07-07,,仏滅
2033-07-08,,大安
2033-07-09,,赤口
2033-07-10,,先勝
2033-07-11,,友引
2033-07-12,,先負
2033-07-13,,仏滅
2033-07-14,,大安
2033-07-15,,赤口
2033-07-16,,先勝
2033-07-17,,友引
2033-07-18,海の日,先負
2033-07-19,,仏滅
2033-07-20,,大安
2033-07-21,,赤口
2033-07-22,,先勝
2033-07-23,,友引
2033-07-24,,先負
2033-07-25,,仏滅
2033-07-26,,先勝
2033-07-27,,友引
2033-07-28,,先負
2033-07-29,,仏滅
2033-07-30,,大安
2033-07-31,,赤口
2033-08-01,,先勝
2033-08-02,,友引
2033-08-03,,先負
2033-08-04,,仏滅
2033-08-05,,大安
2033-08-06,,赤口
2033-08-07,,先勝
2033-08-08,,友引
2033-08-09,,先負
2033-08-10,,仏滅
2033-08-11,山の日,大安
2033-08-12,,赤口
2033-08-13,,先勝
2033-08-14,,友引
2033-08-15,,先負
2033-08-16,,仏滅
2033-08-17,,大安
2033-08-18,,赤口
2033-08-19,,先勝
2033-08-20,,友引
2033-08-21,,先負
2033-08-22,,仏滅
2033-08-23,,大安
2033-08-24,,赤口
2033-08-25,,友引
2033-08-26,,先負
2033-08-27,,仏滅
2033-08-28,,大安
2033-08-29,,赤口
2033-08-30,,先勝
2033-08-31,,友引
2033-09-01,,先負
2033-09-02,,仏滅
2033-09-03,,大安
2033-09-04,,赤口
2033-09-05,,先勝
2033-09-06,,友引
2033-09-07,,先負
2033-09-08,,仏滅
2033-09-09,,大安
2033-09-10,,赤口
2033-09-11,,先勝
2033-09-12,,友引
2033-09-13,,先負
2033-09-14,,仏滅
2033-09-15,,大安
2033-09-16,,赤口
2033-09-17,,先勝
2033-09-18,,友引
2033-09-19,敬老の日,先負
2033-09-20,,仏滅
2033-09-21,,大安
2033-09-22,,赤口
2033-09-23,秋分の日,先負
2033-09-24,,仏滅
2033-09-25,,大安
2033-09-26,,赤口
2033-09-27,,先勝
2033-09-28,,友引
2033-09-29,,先負
2033-09-30,,仏滅
2033-10-01,,大安
2033-10-02,,赤口
2033-10-03,,先勝
2033-10-04,,友引
2033-10-05,,先負
2033-10-06,,仏滅
2033-10-07,,大安
2033-10-08,,赤口
2033-10-09,,先勝
2033-10-10,スポーツの日,友引
2033-10-11,,先負
2033-10-12,,仏滅
2033-10-13,,大安
2033-10-14,,赤口
2033-10-15,,先勝
2033-10-16,,友引
2033-10-17,,先負
2033-10-18,,仏滅
2033-10-19,,大安
2033-10-20,,赤口
2033-10-21,,先勝
2033-10-22,,友引
2033-10-23,,仏滅
2033-10-24,,大安
2033-10-25,,赤口
2033-10-26,,先勝
2033-10-27,,友引
2033-10-28,,先負
2033-10-29,,仏滅
2033-10-30,,大安
2033-10-31,,赤口
2033-11-01,,先勝
2033-11-02,,友引
2033-11-03,文化の日,先負
2033-11-04,,仏滅
2033-11-05,,大安
2033-11-06,,赤口
2033-11-07,,先勝
2033-11-08,,友引
2033-11-09,,先負
2033-11-10,,仏滅
2033-11-11,,大安
2033-11-12,,赤口
2033-11-13,,先勝
2033-11-14,,友引
2033-11-15,,先負
2033-11-16,,仏滅
2033-11-17,,大安
2033-11-18,,赤口
2033-11-19,,先勝
2033-11-20,,友引
2033-11-21,,先負
2033-11-22,,大安
2033-11-23,勤労感謝の日,赤口
2033-11-24,,先勝
2033-11-25,,友引
2033-11-26,,先負
2033-11-27,,仏滅
2033-11-28,,大安
2033-11-29,,赤口
2033-11-30,,先勝
2033-12-01,,友引
2033-12-02,,先負
2033-12-03,,仏滅
2033-12-04,,大安
2033-12-05,,赤口
2033-12-06,,先勝
2033-12-07,,友引
2033-12-08,,先負
2033-12-09,,仏滅
2033-12-10,,大安
2033-12-11,,赤口
2033-12-12,,先勝
2033-12-13,,友引
2033-12-14,,先負
2033-12-15,,仏滅
2033-12-16,,大安
2033-12-17,,赤口
2033-12-18,,先勝
2033-12-19,,友引
2033-12-20,,先負
2033-12-21,,仏滅
2033-12-22,,先負
2033-12-23,,仏滅
2033-12-24,,大安
2033-12-25,,赤口
2033-12-26,,先勝
2033-12-27,,友引
2033-12-28,,先負
2033-12-29,,仏滅
2033-12-30,,大安
2033-12-31,,赤口
2034-01-01,元日,先勝
2034-01-02,振替休日,友引
2034-01-03,,先負
2034-01-04,,仏滅
2034-01-05,,大安
2034-01-06,,赤口
2034-01-07,,先勝
2034-01-08,,友引
2034-01-09,成人の日,先負
2034-01-10,,仏滅
2034-01-11,,大安
2034-01-12,,赤口
2034-01-13,,先勝
2034-01-14,,友引
2034-01-15,,先負
2034-01-16,,仏滅
2034-01-17,,大安
2034-01-18,,赤口
2034-01-19,,先勝
2034-01-20,,赤口
2034-01-21,,先勝
2034-01-22,,友引
2034-01-23,,先負
2034-01-24,,仏滅
2034-01-25,,大安
2034-01-26,,赤口
2034-01-27,,先勝
2034-01-28,,友引
2034-01-29,,先負
2034-01-30,,仏滅
2034-01-31,,大安
2034-02-01,,赤口
2034-02-02,,先勝
2034-02-03,,友引
2034-02-04,,先負
2034-02-05,,仏滅
2034-02-06,,大安
2034-02-07,,赤口
2034-02-08,,先勝
2034-02-09,,友引
2034-02-10,,先負
2034-02-11,建国記念の日,仏滅
2034-02-12,,大安
2034-02-13,,赤口
2034-02-14,,先勝
2034-02-15,,友引
2034-02-16,,先負
2034-02-17,,仏滅
2034-02-18,,大安
2034-02-19,,先勝
2034-02-20,,友引
2034-02-21,,先負
2034-02-22,,仏滅
2034-02-23,天皇誕生日,大安
2034-02-24,,赤口
2034-02-25,,先勝
2034-02-26,,友引
2034-02-27,,先負
2034-02-28,,仏滅
2034-03-01,,大安
2034-03-02,,赤口
2034-03-03,,先勝
2034-03-04,,友引
2034-03-05,,先負
2034-03-06,,仏滅
2034-03-07,,大安
2034-03-08,,赤口
2034-03-09,,先勝
2034-03-10,,友引
2034-03-11,,先負
2034-03-12,,仏滅
2034-03-13,,大安
2034-03-14,,赤口
2034-03-15,,先勝
2034-03-16,,友引
2034-03-17,,先負
2034-03-18,,仏滅
2034-03-19,,大安
2034-03-20,春分の日,友引
2034-03-21,,先負
2034-03-22,,仏滅
2034-03-23,,大安
2034-03-24,,赤口
2034-03-25,,先勝
2034-03-26,,友引
2034-03-27,,先負
2034-03-28,,仏滅
2034-03-29,,大安
2034-03-30,,赤口
2034-03-31,,先勝
2034-04-01,,友引
2034-04-02,,先負
2034-04-03,,仏滅
2034-04-04,,大安
2034-04-05,,赤口
2034-04-06,,先勝
2034-04-07,,友引
2034-04-08,,先負
2034-04-09,,仏滅
2034-04-10,,大安
2034-04-11,,赤口
2034-04-12,,先勝
2034-04-13,,友引
2034-04-14,,先負
2034-04-15,,仏滅
2034-04-16,,大安
2034-04-17,,赤口
2034-04-18,,先勝
2034-04-19,,先負
2034-04-20,,仏滅
2034-04-21,,大安
2034-04-22,,赤口
2034-04-23,,先勝
2034-04-24,,友引
2034-04-25,,先負
2034-04-26,,仏滅
2034-04-27,,大安
2034-04-28,,赤口
2034-04-29,昭和の日,先勝
2034-04-30,,友引
2034-05-01,,先負
2034-05-02,,仏滅
2034-05-03,憲法記念日,大安
2034-05-04,みどりの日,赤口
2034-05-05,こどもの日,先勝
2034-05-06,,友引
2034-05-07,,先負
2034-05-08,,仏滅
2034-05-09,,大安
2034-05-10,,赤口
2034-05-11,,先勝
2034-05-12,,友引
2034-05-13,,先負
2034-05-14,,仏滅
2034-05-15,,大安
2034-05-16,,赤口
2034-05-17,,先勝
2034-05-18,,仏滅
2034-05-19,,大安
2034-05-20,,赤口
2034-05-21,,先勝
2034-05-22,,友引
2034-05-23,,先負
2034-05-24,,仏滅
2034-05-25,,大安
2034-05-26,,赤口
2034-05-27,,先勝
2034-05-28,,友引
2034-05-29,,先負
2034-05-30,,仏滅
2034-05-31,,大安
2034-06-01,,赤口
2034-06-02,,先勝
2034-06-03,,友引
2034-06-04,,先負
2034-06-05,,仏滅
2034-06-06,,大安
2034-06-07,,赤口
2034-06-08,,先勝
2034-06-09,,友引
2034-06-10,,先負
2034-06-11,,仏滅
2034-06-12,,大安
2034-06-13,,赤口
2034-06-14,,先勝
2034-06-15,,友引
2034-06-16,,大安
2034-06-17,,赤口
2034-06-18,,先勝
2034-06-19,,友引
2034-06-20,,先負
2034-06-21,,仏滅
2034-06-22,,大安
2034-06-23,,赤口
2034-06-24,,先勝
2034-06-25,,友引
2034-06-26,,先負
2034-06-27,,仏滅
2034-06-28,,大安
2034-06-29,,赤口
2034-06-30,,先勝
2034-07-01,,友引
2034-07-02,,先負
2034-07-03,,仏滅
2034-07-04,,大安
2034-07-05,,赤口
2034-07-06,,先勝
2034-07-07,,友引
2034-07-08,,先負
2034-07-09,,仏滅
2034-07-10,,大安
2034-07-11,,赤口
2034-07-12,,先勝
2034-07-13,,友引
2034-07-14,,先負
2034-07-15,,仏滅
2034-07-16,,赤口
2034-07-17,海の日,先勝
2034-07-18,,友引
2034-07-19,,先負
2034-07-20,,仏滅
2034-07-21,,大安
2034-07-22,,赤口
2034-07-23,,先勝
2034-07-24,,友引
2034-07-25,,先負
2034-07-26,,仏滅
2034-07-27,,大安
2034-07-28,,赤口
2034-07-29,,先勝
2034-07-30,,友引
2034-07-31,,先負
2034-08-01,,仏滅
2034-08-02,,大安
2034-08-03,,赤口
2034-08-04,,先勝
2034-08-05,,友引
2034-08-06,,先負
2034-08-07,,仏滅
2034-08-08,,大安
2034-08-09,,赤口
2034-08-10,,先勝
2034-08-11,山の日,友引
2034-08-12,,先負
2034-08-13,,仏滅
2034-08-14,,先勝
2034-08-15,,友引
2034-08-16,,先負
2034-08-17,,仏滅
2034-08-18,,大安
2034-08-19,,赤口
2034-08-20,,先勝
2034-08-21,,友引
2034-08-22,,先負
2034-08-23,,仏滅
2034-08-24,,大安
2034-08-25,,赤口
2034-08-26,,先勝
2034-08-27,,友引
2034-08-28,,先負
2034-08-29,,仏滅
2034-08-30,,大安
2034-08-31,,赤口
2034-09-01,,先勝
2034-09-02,,友引
2034-09-03,,先負
2034-09-04,,仏滅
2034-09-05,,大安
2034-09-06,,赤口
2034-09-07,,先勝
2034-09-08,,友引
2034-09-09,,先負
2034-09-10,,仏滅
2034-09-11,,大安
2034-09-12,,赤口
2034-09-13,,友引
2034-09-14,,先負
2034-09-15,,仏滅
2034-09-16,,大安
2034-09-17,,赤口
2034-09-18,敬老の日,先勝
2034-09-19,,友引
2034-09-20,,先負
2034-09-21,,仏滅
2034-09-22,,大安
2034-09-23,秋分の日,赤口
2034-09-24,,先勝
2034-09-25,,友引
2034-09-26,,先負
2034-09-27,,仏滅
2034-09-28,,大安
2034-09-29,,赤口
2034-09-30,,先勝
2034-10-01,,友引
2034-10-02,,先負
2034-10-03,,仏滅
2034-10-04,,大安
2034-10-05,,赤口
2034-10-06,,先勝
2034-10-07,,友引
2034-10-08,,先負
2034-10-09,スポーツの日,仏滅
2034-10-10,,大安
2034-10-11,,赤口
2034-10-12,,先負
2034-10-13,,仏滅
2034-10-14,,大安
2034-10-15,,赤口
2034-10-16,,先勝
2034-10-17,,友引
2034-10-18,,先負
2034-10-19,,仏滅
2034-10-20,,大安
2034-10-21,,赤口
2034-10-22,,先勝
2034-10-23,,友引
2034-10-24,,先負
2034-10-25,,仏滅
2034-10-26,,大安
2034-10-27,,赤口
2034-10-28,,先勝
2034-10-29,,友引
2034-10-30,,先負
2034-10-31,,仏滅
2034-11-01,,大安
2034-11-02,,赤口
2034-11-03,文化の日,先勝
2034-11-04,,友引
2034-11-05,,先負
2034-11-06,,仏滅
2034-11-07,,大安
2034-11-08,,赤口
2034-11-09,,先勝
2034-11-10,,友引
2034-11-11,,仏滅
2034-11-12,,大安
2034-11-13,,赤口
2034-11-14,,先勝
2034-11-15,,友引
2034-11-16,,先負
2034-11-17,,仏滅
2034-11-18,,大安
2034-11-19,,赤口
2034-11-20,,先勝
2034-11-21,,友引
2034-11-22,,先負
2034-11-23,勤労感謝の日,仏滅
2034-11-24,,大安
2034-11-25,,赤口
2034-11-26,,先勝
2034-11-27,,友引
2034-11-28,,先負
2034-11-29,,仏滅
2034-11-30,,大安
2034-12-01,,赤口
2034-12-02,,先勝
2034-12-03,,友引
2034-12-04,,先負
2034-12-05,,仏滅
2034-12-06,,大安
2034-12-07,,赤口
2034-12-08,,先勝
2034-12-09,,友引
2034-12-10,,先負
2034-12-11,,大安
2034-12-12,,赤口
2034-12-13,,先勝
2034-12-14,,友引
2034-12-15,,先負
2034-12-16,,仏滅
2034-12-17,,大安
2034-12-18,,赤口
2034-12-19,,先勝
2034-12-20,,友引
2034-12-21,,先負
2034-12-22,,仏滅
2034-12-23,,大安
2034-12-24,,赤口
2034-12-25,,先勝
2034-12-26,,友引
2034-12-27,,先負
2034-12-28,,仏滅
2034-12-29,,大安
2034-12-30,,赤口
2034-12-31,,先勝
2035-01-01,元日,友引
2035-01-02,,先負
2035-01-03,,仏滅
2035-01-04,,大安
2035-01-05,,赤口
2035-01-06,,先勝
2035-01-07,,友引
2035-01-08,成人の日,先負
2035-01-09,,赤口
2035-01-10,,先勝
2035-01-11,,友引
2035-01-12,,先負
2035-01-13,,仏滅
2035-01-14,,大安
2035-01-15,,赤口
2035-01-16,,先勝
2035-01-17,,友引
2035-01-18,,先負
2035-01-19,,仏滅
2035-01-20,,大安
2035-01-21,,赤口
2035-01-22,,先勝
2035-01-23,,友引
2035-01-24,,先負
2035-01-25,,仏滅
2035-01-26,,大安
2035-01-27,,赤口
2035-01-28,,先勝
2035-01-29,,友引
2035-01-30,,先負
2035-01-31,,仏滅
2035-02-01,,大安
2035-02-02,,赤口
2035-02-03,,先勝
2035-02-04,,友引
2035-02-05,,先負
2035-02-06,,仏滅
2035-02-07,,大安
2035-02-08,,先勝
2035-02-09,,友引
2035-02-10,,先負
2035-02-11,建国記念の日,仏滅
2035-02-12,振替休日,大安
2035-02-13,,赤口
2035-02-14,,先勝
2035-02-15,,友引
2035-02-16,,先負
2035-02-17,,仏滅
2035-02-18,,大安
2035-02-19,,赤口
2035-02-20,,先勝
2035-02-21,,友引
2035-02-22,,先負
2035-02-23,天皇誕生日,仏滅
2035-02-24,,大安
2035-02-25,,赤口
2035-02-26,,先勝
2035-02-27,,友引
2035-02-28,,先負
2035-03-01,,仏滅
2035-03-02,,大安
2035-03-03,,赤口
2035-03-04,,先勝
2035-03-05,,友引
2035-03-06,,先負
2035-03-07,,仏滅
2035-03-08,,大安
2035-03-09,,赤口
2035-03-10,,友引
2035-03-11,,先負
2035-03-12,,仏滅
2035-03-13,,大安
2035-03-14,,赤口
2035-03-15,,先勝
2035-03-16,,友引
2035-03-17,,先負
2035-03-18,,仏滅
2035-03-19,,大安
2035-03-20,,赤口
2035-03-21,春分の日,先勝
2035-03-22,,友引
2035-03-23,,先負
2035-03-24,,仏滅
2035-03-25,,大安
2035-03-26,,赤口
2035-03-27,,先勝
2035-03-28,,友引
2035-03-29,,先負
2035-03-30,,仏滅
2035-03-31,,大安
2035-04-01,,赤口
2035-04-02,,先勝
2035-04-03,,友引
2035-04-04,,先負
2035-04-05,,仏滅
2035-04-06,,大安
2035-04-07,,赤口
2035-04-08,,先負
2035-04-09,,仏滅
2035-04-10,,大安
2035-04-11,,赤口
2035-04-12,,先勝
2035-04-13,,友引
2035-04-14,,先負
2035-04-15,,仏滅
2035-04-16,,大安
2035-04-17,,赤口
2035-04-18,,先勝
2035-04-19,,友引
2035-04-20,,先負
2035-04-21,,仏滅
2035-04-22,,大安
2035-04-23,,赤口
2035-04-24,,先勝
2035-04-25,,友引
2035-04-26,,先負
2035-04-27,,仏滅
2035-04-28,,大安
2035-04-29,昭和の日,赤口
2035-04-30,振替休日,先勝
2035-05-01,,友引
2035-05-02,,先負
2035-05-03,憲法記念日,仏滅
2035-05-04,みどりの日,大安
2035-05-05,こどもの日,赤口
2035-05-06,,先勝
2035-05-07,,友引
2035-05-08,,仏滅
2035-05-09,,大安
2035-05-10,,赤口
2035-05-11,,先勝
2035-05-12,,友引
2035-05-13,,先負
2035-05-14,,仏滅
2035-05-15,,大安
2035-05-16,,赤口
2035-05-17,,先勝
2035-05-18,,友引
2035-05-19,,先負
2035-05-20,,仏滅
2035-05-21,,大安
2035-05-22,,赤口
2035-05-23,,先勝
2035-05-24,,友引
2035-05-25,,先負
2035-05-26,,仏滅
2035-05-27,,大安
2035-05-28,,赤口
2035-05-29,,先勝
2035-05-30,,友引
2035-05-31,,先負
2035-06-01,,仏滅
2035-06-02,,大安
2035-06-03,,赤口
2035-06-04,,先勝
2035-06-05,,友引
2035-06-06,,大安
2035-06-07,,赤口
2035-06-08,,先勝
2035-06-09,,友引
2035-06-10,,先負
2035-06-11,,仏滅
2035-06-12,,大安
2035-06-13,,赤口
2035-06-14,,先勝
2035-06-15,,友引
2035-06-16,,先負
2035-06-17,,仏滅
2035-06-18,,大安
2035-06-19,,赤口
2035-06-20,,先勝
2035-06-21,,友引
2035-06-22,,先負
2035-06-23,,仏滅
2035-06-24,,大安
2035-06-25,,赤口
2035-06-26,,先勝
2035-06-27,,友引
2035-06-28,,先負
2035-06-29,,仏滅
2035-06-30,,大安
2035-07-01,,赤口
2035-07-02,,先勝
2035-07-03,,友引
2035-07-04,,先負
2035-07-05,,赤口
2035-07-06,,先勝
2035-07-07,,友引
2035-07-08,,先負
2035-07-09,,仏滅
2035-07-10,,大安
2035-07-11,,赤口
2035-07-12,,先勝
2035-07-13,,友引
2035-07-14,,先負
2035-07-15,,仏滅
2035-07-16,海の日,大安
2035-07-17,,赤口
2035-07-18,,先勝
2035-07-19,,友引
2035-07-20,,先負
2035-07-21,,仏滅
2035-07-22,,大安
2035-07-23,,赤口
2035-07-24,,先勝
2035-07-25,,友引
2035-07-26,,先負
2035-07-27,,仏滅
2035-07-28,,大安
2035-07-29,,赤口
2035-07-30,,先勝
2035-07-31,,友引
2035-08-01,,先負
2035-08-02,,仏滅
2035-08-03,,大安
2035-08-04,,先勝
2035-08-05,,友引
2035-08-06,,先負
2035-08-07,,仏滅
2035-08-08,,大安
2035-08-09,,赤口
2035-08-10,,先勝
2035-08-11,山の日,友引
2035-08-12,,先負
2035-08-13,,仏滅
2035-08-14,,大安
2035-08-15,,赤口
2035-08-16,,先勝
2035-08-17,,友引
2035-08-18,,先負
2035-08-19,,仏滅
2035-08-20,,大安
2035-08-21,,赤口
2035-08-22,,先勝
2035-08-23,,友引
2035-08-24,,先負
2035-08-25,,仏滅
2035-08-26,,大安
2035-08-27,,赤口
2035-08-28,,先勝
2035-08-29,,友引
2035-08-30,,先負
2035-08-31,,仏滅
2035-09-01,,大安
2035-09-02,,友引
2035-09-03,,先負
2035-09-04,,仏滅
2035-09-05,,大安
2035-09-06,,赤口
2035-09-07,,先勝
2035-09-08,,友引
2035-09-09,,先負
2035-09-10,,仏滅
2035-09-11,,大安
2035-09-12,,赤口
2035-09-13,,先勝
2035-09-14,,友引
2035-09-15,,先負
2035-09-16,,仏滅
2035-09-17,敬老の日,大安
2035-09-18,,赤口
2035-09-19,,先勝
2035-09-20,,友引
2035-09-21,,先負
2035-09-22,,仏滅
2035-09-23,秋分の日,大安
2035-09-24,振替休日,赤口
2035-09-25,,先勝
2035-09-26,,友引
2035-09-27,,先負
2035-09-28,,仏滅
2035-09-29,,大安
2035-09-30,,赤口
2035-10-01,,先負
2035-10-02,,仏滅
2035-10-03,,大安
2035-10-04,,赤口
2035-10-05,,先勝
2035-10-06,,友引
2035-10-07,,先負
2035-10-08,スポーツの日,仏滅
2035-10-09,,大安
2035-10-10,,赤口
2035-10-11,,先勝
2035-10-12,,友引
2035-10-13,,先負
2035-10-14,,仏滅
2035-10-15,,大安
2035-10-16,,赤口
2035-10-17,,先勝
2035-10-18,,友引
2035-10-19,,先負
2035-10-20,,仏滅
2035-10-21,,大安
2035-10-22,,赤口
2035-10-23,,先勝
2035-10-24,,友引
2035-10-25,,先負
2035-10-26,,仏滅
2035-10-27,,大安
2035-10-28,,赤口
2035-10-29,,先勝
2035-10-30,,友引
2035-10-31,,仏滅
2035-11-01,,大安
2035-11-02,,赤口
2035-11-03,文化の日,先勝
2035-11-04,,友引
2035-11-05,,先負
2035-11-06,,仏滅
2035-11-07,,大安
2035-11-08,,赤口
2035-11-09,,先勝
2035-11-10,,友引
2035-11-11,,先負
2035-11-12,,仏滅
2035-11-13,,大安
2035-11-14,,赤口
2035-11-15,,先勝
2035-11-16,,友引
2035-11-17,,先負
2035-11-18,,仏滅
2035-11-19,,大安
2035-11-20,,赤口
2035-11-21,,先勝
2035-11-22,,友引
2035-11-23,勤労感謝の日,先負
2035-11-24,,仏滅
2035-11-25,,大安
2035-11-26,,赤口
2035-11-27,,先勝
2035-11-28,,友引
2035-11-29,,先負
2035-11-30,,大安
2035-12-01,,赤口
2035-12-02,,先勝
2035-12-03,,友引
2035-12-04,,先負
2035-12-05,,仏滅
2035-12-06,,大安
2035-12-07,,赤口
2035-12-08,,先勝
2035-12-09,,友引
2035-12-10,,先負
2035-12-11,,仏滅
2035-12-12,,大安
2035-12-13,,赤口
2035-12-14,,先勝
2035-12-15,,友引
2035-12-16,,先負
2035-12-17,,仏滅
2035-12-18,,大安
2035-12-19,,赤口
2035-12-20,,先勝
2035-12-21,,友引
2035-12-22,,先負
2035-12-23,,仏滅
2035-12-24,,大安
2035-12-25,,赤口
2035-12-26,,先勝
2035-12-27,,友引
2035-12-28,,先負
2035-12-29,,赤口
2035-12-30,,先勝
2035-12-31,,友引
